id,title,genre,platform,score,release_date,monthly_clicks,description
game_0001,Adopt Me!,Simulation,Mobile,0.61,2024-01-12,181,"Adopt Me! is a life-sim experience where you build, decorate, and manage your own world on Roblox."
game_0002,Welcome to Bloxburg,Simulation,PC,0.564,2021-10-20,4689,"Welcome to Bloxburg is a life-sim experience where you build, decorate, and manage your own world on Roblox."
game_0003,Pet Simulator X,Simulation,PC,0.858,2024-04-21,173,"Pet Simulator X is a life-sim experience where you build, decorate, and manage your own world on Roblox."
game_0004,Bee Swarm Simulator,Simulation,Mobile,0.898,2023-06-01,734,"Bee Swarm Simulator is a life-sim experience where you build, decorate, and manage your own world on Roblox."
game_0005,Lumber Tycoon 2,Tycoon,PC,0.669,2022-09-20,17691,Lumber Tycoon 2 is a tycoon builder where you grow a business from scratch to a fortune on Roblox.
game_0006,Restaurant Tycoon 2,Tycoon,PC,0.592,2022-04-10,2454,Restaurant Tycoon 2 is a tycoon builder where you grow a business from scratch to a fortune on Roblox.
game_0007,Theme Park Tycoon 2,Tycoon,Xbox,0.781,2021-05-20,4799,Theme Park Tycoon 2 is a tycoon builder where you grow a business from scratch to a fortune on Roblox.
game_0008,Miner's Haven,Tycoon,PlayStation,0.798,2022-06-24,520,Miner's Haven is a tycoon builder where you grow a business from scratch to a fortune on Roblox.
game_0009,Cruise Ship Tycoon,Tycoon,Mobile,0.974,2023-04-16,218,Cruise Ship Tycoon is a tycoon builder where you grow a business from scratch to a fortune on Roblox.
game_0010,Wizard Tycoon 2,Tycoon,Xbox,0.823,2021-06-13,5557,Wizard Tycoon 2 is a tycoon builder where you grow a business from scratch to a fortune on Roblox.
game_0011,Blox Fruits,Adventure,PC,0.852,2023-07-17,698,"Blox Fruits is an open-world adventure packed with quests, treasures, and exploration on Roblox."
game_0012,Jailbreak,Adventure,Mobile,0.713,2021-05-08,1241,"Jailbreak is an open-world adventure packed with quests, treasures, and exploration on Roblox."
game_0013,Dungeon Quest,Adventure,PlayStation,0.912,2022-11-24,2610,"Dungeon Quest is an open-world adventure packed with quests, treasures, and exploration on Roblox."
game_0014,The Wild West,Adventure,Xbox,0.943,2024-03-02,549,"The Wild West is an open-world adventure packed with quests, treasures, and exploration on Roblox."
game_0015,Dragon Adventures,Adventure,Mobile,0.72,2020-12-08,2344,"Dragon Adventures is an open-world adventure packed with quests, treasures, and exploration on Roblox."
game_0016,Islands,Adventure,Xbox,0.87,2023-10-08,940,"Islands is an open-world adventure packed with quests, treasures, and exploration on Roblox."
game_0017,Doors,Horror,Mobile,0.706,2022-01-21,3591,Doors is a tense horror escape where you survive what lurks in the dark on Roblox.
game_0018,Piggy,Horror,PlayStation,0.92,2026-01-03,154,Piggy is a tense horror escape where you survive what lurks in the dark on Roblox.
game_0019,The Mimic,Horror,PC,0.715,2025-10-27,59,The Mimic is a tense horror escape where you survive what lurks in the dark on Roblox.
game_0020,3008,Horror,Mobile,0.843,2026-05-28,975,3008 is a tense horror escape where you survive what lurks in the dark on Roblox.
game_0021,Bear,Horror,PC,0.737,2023-03-30,3352,Bear is a tense horror escape where you survive what lurks in the dark on Roblox.
game_0022,Dead Silence,Horror,PC,0.768,2024-07-13,298,Dead Silence is a tense horror escape where you survive what lurks in the dark on Roblox.
game_0023,Tower Defense Simulator,Tower Defense,PC,0.812,2020-11-03,9626,Tower Defense Simulator is a tower-defense battleground to place units and repel waves on Roblox.
game_0024,All Star Tower Defense,Tower Defense,PC,0.808,2026-07-12,5241,All Star Tower Defense is a tower-defense battleground to place units and repel waves on Roblox.
game_0025,Tower Heroes,Tower Defense,Mobile,0.653,2023-02-01,205,Tower Heroes is a tower-defense battleground to place units and repel waves on Roblox.
game_0026,Elemental Tower Defense,Tower Defense,PC,0.901,2021-01-31,1340,Elemental Tower Defense is a tower-defense battleground to place units and repel waves on Roblox.
game_0027,Arsenal,FPS,PlayStation,0.957,2021-03-16,1215,Arsenal is a fast-paced shooter with satisfying gunplay and competitive modes on Roblox.
game_0028,Phantom Forces,FPS,PC,0.949,2024-02-28,1330,Phantom Forces is a fast-paced shooter with satisfying gunplay and competitive modes on Roblox.
game_0029,Bad Business,FPS,Mobile,0.978,2022-01-22,6738,Bad Business is a fast-paced shooter with satisfying gunplay and competitive modes on Roblox.
game_0030,Counter Blox,FPS,Mobile,0.657,2025-03-06,771,Counter Blox is a fast-paced shooter with satisfying gunplay and competitive modes on Roblox.
game_0031,Energy Assault,FPS,PC,0.648,2025-11-15,1400,Energy Assault is a fast-paced shooter with satisfying gunplay and competitive modes on Roblox.
game_0032,World Zero,RPG,Xbox,0.782,2024-02-18,124,"World Zero is an RPG with classes, leveling, and loot-driven progression on Roblox."
game_0033,Vesteria,RPG,Mobile,0.887,2023-10-23,13051,"Vesteria is an RPG with classes, leveling, and loot-driven progression on Roblox."
game_0034,Fantastic Frontier,RPG,Xbox,0.702,2021-09-13,427,"Fantastic Frontier is an RPG with classes, leveling, and loot-driven progression on Roblox."
game_0035,Swordburst 2,RPG,PC,0.723,2025-11-08,3606,"Swordburst 2 is an RPG with classes, leveling, and loot-driven progression on Roblox."
game_0036,A Universal Time,RPG,PC,0.781,2024-05-26,4110,"A Universal Time is an RPG with classes, leveling, and loot-driven progression on Roblox."
game_0037,Anime Fighting Simulator,Fighting,PC,0.741,2025-09-09,217,"Anime Fighting Simulator is a combat arena focused on combos, timing, and character mastery on Roblox."
game_0038,The Strongest Battlegrounds,Fighting,Xbox,0.967,2026-05-15,1268,"The Strongest Battlegrounds is a combat arena focused on combos, timing, and character mastery on Roblox."
game_0039,Untitled Boxing Game,Fighting,PlayStation,0.757,2021-02-01,3456,"Untitled Boxing Game is a combat arena focused on combos, timing, and character mastery on Roblox."
game_0040,Martial Arts Battle Arena,Fighting,Xbox,0.974,2026-07-06,4114,"Martial Arts Battle Arena is a combat arena focused on combos, timing, and character mastery on Roblox."
game_0041,Vehicle Legends,Racing,PC,0.85,2021-10-16,4585,Vehicle Legends is a racing game with licensed-style vehicles and drift mechanics on Roblox.
game_0042,Driving Empire,Racing,Mobile,0.617,2021-01-28,10940,Driving Empire is a racing game with licensed-style vehicles and drift mechanics on Roblox.
game_0043,Car Crushers 2,Racing,PC,0.572,2025-11-22,1736,Car Crushers 2 is a racing game with licensed-style vehicles and drift mechanics on Roblox.
game_0044,Midnight Racing Tokyo,Racing,Mobile,0.963,2025-11-24,12773,Midnight Racing Tokyo is a racing game with licensed-style vehicles and drift mechanics on Roblox.
game_0045,Blade Ball,Sports,PC,0.724,2023-11-24,130,"Blade Ball is a sports sim with team play, physics, and ranked seasons on Roblox."
game_0046,Basketball Legends,Sports,PlayStation,0.816,2026-02-02,1727,"Basketball Legends is a sports sim with team play, physics, and ranked seasons on Roblox."
game_0047,Soccer Legends,Sports,PC,0.638,2023-08-11,1774,"Soccer Legends is a sports sim with team play, physics, and ranked seasons on Roblox."
game_0048,Football Fusion 2,Sports,Mobile,0.747,2023-03-04,334,"Football Fusion 2 is a sports sim with team play, physics, and ranked seasons on Roblox."
game_0049,Tower of Hell,Obby,PlayStation,0.582,2025-05-31,2347,Tower of Hell is a platforming obstacle course testing precision and patience on Roblox.
game_0050,Mega Easy Obby,Obby,PC,0.813,2023-02-21,716,Mega Easy Obby is a platforming obstacle course testing precision and patience on Roblox.
game_0051,Juke's Towers of Hell,Obby,PlayStation,0.954,2025-05-16,3798,Juke's Towers of Hell is a platforming obstacle course testing precision and patience on Roblox.
game_0052,The Really Easy Obby,Obby,PC,0.859,2024-03-04,1340,The Really Easy Obby is a platforming obstacle course testing precision and patience on Roblox.
game_0053,Brookhaven,Social,PC,0.658,2021-01-20,1809,"Brookhaven is a hangout hub for chatting, roleplay, and mini-games with friends on Roblox."
game_0054,MeepCity,Social,Xbox,0.619,2023-08-07,648,"MeepCity is a hangout hub for chatting, roleplay, and mini-games with friends on Roblox."
game_0055,Royale High,Social,PC,0.582,2025-04-12,3966,"Royale High is a hangout hub for chatting, roleplay, and mini-games with friends on Roblox."
game_0056,Club Roblox,Social,Xbox,0.8,2022-05-24,12580,"Club Roblox is a hangout hub for chatting, roleplay, and mini-games with friends on Roblox."
game_0057,Epic Minigames,Social,PC,0.937,2026-02-01,250,"Epic Minigames is a hangout hub for chatting, roleplay, and mini-games with friends on Roblox."
game_0058,Build a Boat for Treasure,Sandbox,PC,0.969,2021-12-23,509,Build a Boat for Treasure is a physics sandbox for building and tinkering with anything on Roblox.
game_0059,Plane Crazy,Sandbox,Mobile,0.97,2024-09-17,5070,Plane Crazy is a physics sandbox for building and tinkering with anything on Roblox.
game_0060,Build Island,Sandbox,Xbox,0.895,2021-12-01,2899,Build Island is a physics sandbox for building and tinkering with anything on Roblox.
game_0061,Scrap Mechanic Simulator,Sandbox,Xbox,0.714,2025-04-28,3509,Scrap Mechanic Simulator is a physics sandbox for building and tinkering with anything on Roblox.
game_0062,Puzzle Doors,Puzzle,PC,0.7,2021-05-16,991,Puzzle Doors is a brain-teasing puzzle game with escalating logic challenges on Roblox.
game_0063,Color or Die,Puzzle,Xbox,0.721,2024-05-14,4070,Color or Die is a brain-teasing puzzle game with escalating logic challenges on Roblox.
game_0064,Riddles,Puzzle,PC,0.954,2022-10-27,476,Riddles is a brain-teasing puzzle game with escalating logic challenges on Roblox.
game_0065,Natural Disaster Survival,Survival,PC,0.807,2025-04-26,6175,"Natural Disaster Survival is a survival challenge against disasters, hunters, or the elements on Roblox."
game_0066,Survive the Killer,Survival,PC,0.6,2020-10-19,4424,"Survive the Killer is a survival challenge against disasters, hunters, or the elements on Roblox."
game_0067,Flee the Facility,Survival,Xbox,0.707,2024-04-28,760,"Flee the Facility is a survival challenge against disasters, hunters, or the elements on Roblox."
game_0068,Escape Room,Survival,PC,0.835,2023-01-06,2149,"Escape Room is a survival challenge against disasters, hunters, or the elements on Roblox."
game_0069,Shindo Life,Anime,PC,0.69,2021-12-15,10176,"Shindo Life is an anime-inspired battler with powers, quests, and transformations on Roblox."
game_0070,Anime Adventures,Anime,Mobile,0.841,2022-04-14,1319,"Anime Adventures is an anime-inspired battler with powers, quests, and transformations on Roblox."
game_0071,King Legacy,Anime,Xbox,0.681,2026-07-13,1726,"King Legacy is an anime-inspired battler with powers, quests, and transformations on Roblox."
game_0072,A One Piece Game,Anime,PC,0.75,2022-12-03,8055,"A One Piece Game is an anime-inspired battler with powers, quests, and transformations on Roblox."
game_0073,Murder Mystery 2,Mystery,PC,0.833,2024-08-18,246,Murder Mystery 2 is a social-deduction mystery where you find the culprit before it's you on Roblox.
game_0074,Mystery Dungeon,Mystery,PC,0.902,2025-06-27,3573,Mystery Dungeon is a social-deduction mystery where you find the culprit before it's you on Roblox.
game_0075,RoCitizens,Comedy,Mobile,0.613,2024-04-20,2021,RoCitizens is a lighthearted comedic experience full of silly gags and chaos on Roblox.
game_0076,Funky Friday,Comedy,PC,0.859,2024-05-09,4243,Funky Friday is a lighthearted comedic experience full of silly gags and chaos on Roblox.
game_0077,Emergency Response: Liberty County,Military,PC,0.934,2026-06-22,793,"Emergency Response: Liberty County is a military roleplay of service, vehicles, and squad tactics on Roblox."
game_0078,War Tycoon,Military,Xbox,0.75,2020-09-22,21,"War Tycoon is a military roleplay of service, vehicles, and squad tactics on Roblox."
game_0079,State of Anarchy,Military,Mobile,0.959,2022-12-23,167,"State of Anarchy is a military roleplay of service, vehicles, and squad tactics on Roblox."
game_0080,Military Combat Tycoon,Military,Xbox,0.733,2020-11-15,3299,"Military Combat Tycoon is a military roleplay of service, vehicles, and squad tactics on Roblox."
game_0081,Alone in a Dark House,Scary,Xbox,0.744,2021-03-18,919,Alone in a Dark House is a jump-scare driven horror romp through haunted locations on Roblox.
game_0082,Identity Fraud,Scary,Mobile,0.758,2020-09-08,3987,Identity Fraud is a jump-scare driven horror romp through haunted locations on Roblox.
game_0083,The Asylum,Scary,PC,0.667,2023-11-27,616,The Asylum is a jump-scare driven horror romp through haunted locations on Roblox.
game_0084,Nightmare Mansion,Scary,PC,0.715,2023-12-10,1246,Nightmare Mansion is a jump-scare driven horror romp through haunted locations on Roblox.
game_0085,Work at a Pizza Place,Tycoon,PC,0.783,2022-10-28,286,Work at a Pizza Place is a tycoon builder where you grow a business from scratch to a fortune on Roblox.
game_0086,Super Hero Tycoon,Tycoon,PC,0.918,2026-04-25,273,Super Hero Tycoon is a tycoon builder where you grow a business from scratch to a fortune on Roblox.
game_0087,Zombie Rush,Survival,Xbox,0.781,2021-11-01,210,"Zombie Rush is a survival challenge against disasters, hunters, or the elements on Roblox."
game_0088,Flee the Zombies,Survival,Mobile,0.562,2021-02-01,1048,"Flee the Zombies is a survival challenge against disasters, hunters, or the elements on Roblox."
game_0089,Pet Story,Simulation,PC,0.911,2024-09-06,2503,"Pet Story is a life-sim experience where you build, decorate, and manage your own world on Roblox."
game_0090,My Restaurant,Simulation,Xbox,0.586,2026-03-25,16931,"My Restaurant is a life-sim experience where you build, decorate, and manage your own world on Roblox."
game_0091,Treasure Quest,Adventure,PC,0.713,2023-08-14,3754,"Treasure Quest is an open-world adventure packed with quests, treasures, and exploration on Roblox."
game_0092,Pirate's Life,Adventure,PC,0.67,2022-04-14,149,"Pirate's Life is an open-world adventure packed with quests, treasures, and exploration on Roblox."
game_0093,Clone Tycoon 2,Tycoon,PlayStation,0.558,2021-04-05,297,Clone Tycoon 2 is a tycoon builder where you grow a business from scratch to a fortune on Roblox.
game_0094,Boxing Simulator,Fighting,Mobile,0.874,2026-01-31,7214,"Boxing Simulator is a combat arena focused on combos, timing, and character mastery on Roblox."
game_0095,Rocket Racing,Racing,PlayStation,0.793,2025-04-02,367,Rocket Racing is a racing game with licensed-style vehicles and drift mechanics on Roblox.
game_0096,Speed Run 4,Obby,PC,0.811,2024-08-26,11484,Speed Run 4 is a platforming obstacle course testing precision and patience on Roblox.
game_0097,Obby Creator,Obby,PlayStation,0.965,2024-09-12,16273,Obby Creator is a platforming obstacle course testing precision and patience on Roblox.
game_0098,Color Block,Puzzle,PC,0.721,2022-04-29,165,Color Block is a brain-teasing puzzle game with escalating logic challenges on Roblox.
game_0099,Pls Donate,Social,Mobile,0.916,2023-02-25,1617,"Pls Donate is a hangout hub for chatting, roleplay, and mini-games with friends on Roblox."
game_0100,Emergency Hamburg,Military,Mobile,0.834,2021-09-24,3598,"Emergency Hamburg is a military roleplay of service, vehicles, and squad tactics on Roblox."
game_0101,Mega World Simulator,Anime,PC,0.963,2021-09-03,713,"Mega World Simulator is an anime-inspired battler with powers, quests, and transformations on Roblox."
game_0102,Ultra World Simulator,Mystery,Mobile,0.626,2021-08-26,23923,Ultra World Simulator is a social-deduction mystery where you find the culprit before it's you on Roblox.
game_0103,Epic World Simulator,Comedy,Mobile,0.75,2021-02-10,3213,Epic World Simulator is a lighthearted comedic experience full of silly gags and chaos on Roblox.
game_0104,Super World Simulator,Military,Xbox,0.907,2023-10-13,1594,"Super World Simulator is a military roleplay of service, vehicles, and squad tactics on Roblox."
game_0105,Mystic World Simulator,Scary,PC,0.795,2021-04-28,4382,Mystic World Simulator is a jump-scare driven horror romp through haunted locations on Roblox.
game_0106,Neon World Simulator,Simulation,Mobile,0.628,2022-11-21,451,"Neon World Simulator is a life-sim experience where you build, decorate, and manage your own world on Roblox."
game_0107,Cyber World Simulator,Adventure,PC,0.789,2023-06-09,3786,"Cyber World Simulator is an open-world adventure packed with quests, treasures, and exploration on Roblox."
game_0108,Dark World Simulator,Horror,Mobile,0.76,2021-12-23,358,Dark World Simulator is a tense horror escape where you survive what lurks in the dark on Roblox.
game_0109,Royal World Simulator,Strategy,Mobile,0.743,2021-01-11,4805,Royal World Simulator is a deep strategy title where planning and positioning win the day on Roblox.
game_0110,Cosmic World Simulator,FPS,PC,0.682,2023-10-22,424,Cosmic World Simulator is a fast-paced shooter with satisfying gunplay and competitive modes on Roblox.
game_0111,Tiny World Simulator,RPG,Mobile,0.979,2021-10-06,937,"Tiny World Simulator is an RPG with classes, leveling, and loot-driven progression on Roblox."
game_0112,Giant World Simulator,Fighting,Mobile,0.658,2023-02-05,520,"Giant World Simulator is a combat arena focused on combos, timing, and character mastery on Roblox."
game_0113,Savage World Simulator,Racing,PC,0.632,2024-06-16,420,Savage World Simulator is a racing game with licensed-style vehicles and drift mechanics on Roblox.
game_0114,Frozen World Simulator,Sports,Mobile,0.807,2020-08-26,245,"Frozen World Simulator is a sports sim with team play, physics, and ranked seasons on Roblox."
game_0115,Burning World Simulator,Tycoon,PlayStation,0.627,2022-06-27,4013,Burning World Simulator is a tycoon builder where you grow a business from scratch to a fortune on Roblox.
game_0116,Golden World Simulator,Obby,PC,0.788,2025-12-03,1247,Golden World Simulator is a platforming obstacle course testing precision and patience on Roblox.
game_0117,Shadow World Simulator,Social,Mobile,0.752,2023-05-07,900,"Shadow World Simulator is a hangout hub for chatting, roleplay, and mini-games with friends on Roblox."
game_0118,Turbo World Simulator,Sandbox,PC,0.722,2025-10-20,11137,Turbo World Simulator is a physics sandbox for building and tinkering with anything on Roblox.
game_0119,Hyper World Simulator,Puzzle,PC,0.899,2024-11-10,1596,Hyper World Simulator is a brain-teasing puzzle game with escalating logic challenges on Roblox.
game_0120,Pixel World Simulator,Survival,PlayStation,0.811,2021-11-13,241,"Pixel World Simulator is a survival challenge against disasters, hunters, or the elements on Roblox."
game_0121,Mega Quest Simulator,Tower Defense,Xbox,0.941,2021-06-25,226,Mega Quest Simulator is a tower-defense battleground to place units and repel waves on Roblox.
game_0122,Ultra Quest Simulator,Anime,PC,0.812,2025-11-10,1678,"Ultra Quest Simulator is an anime-inspired battler with powers, quests, and transformations on Roblox."
game_0123,Epic Quest Simulator,Mystery,Mobile,0.653,2024-10-09,106,Epic Quest Simulator is a social-deduction mystery where you find the culprit before it's you on Roblox.
game_0124,Super Quest Simulator,Comedy,Mobile,0.675,2021-04-07,222,Super Quest Simulator is a lighthearted comedic experience full of silly gags and chaos on Roblox.
game_0125,Mystic Quest Simulator,Military,PC,0.581,2021-06-11,7424,"Mystic Quest Simulator is a military roleplay of service, vehicles, and squad tactics on Roblox."
game_0126,Neon Quest Simulator,Scary,PC,0.733,2024-04-25,49,Neon Quest Simulator is a jump-scare driven horror romp through haunted locations on Roblox.
game_0127,Cyber Quest Simulator,Simulation,Mobile,0.581,2024-12-09,91537,"Cyber Quest Simulator is a life-sim experience where you build, decorate, and manage your own world on Roblox."
game_0128,Dark Quest Simulator,Adventure,PC,0.739,2023-04-19,133,"Dark Quest Simulator is an open-world adventure packed with quests, treasures, and exploration on Roblox."
game_0129,Royal Quest Simulator,Horror,Mobile,0.765,2023-06-25,445,Royal Quest Simulator is a tense horror escape where you survive what lurks in the dark on Roblox.
game_0130,Cosmic Quest Simulator,Strategy,Mobile,0.561,2023-09-23,832,Cosmic Quest Simulator is a deep strategy title where planning and positioning win the day on Roblox.
game_0131,Tiny Quest Simulator,FPS,PC,0.98,2026-04-21,33859,Tiny Quest Simulator is a fast-paced shooter with satisfying gunplay and competitive modes on Roblox.
game_0132,Giant Quest Simulator,RPG,Mobile,0.944,2021-07-29,4140,"Giant Quest Simulator is an RPG with classes, leveling, and loot-driven progression on Roblox."
game_0133,Savage Quest Simulator,Fighting,PC,0.967,2021-01-07,2082,"Savage Quest Simulator is a combat arena focused on combos, timing, and character mastery on Roblox."
game_0134,Frozen Quest Simulator,Racing,Mobile,0.919,2025-05-12,757,Frozen Quest Simulator is a racing game with licensed-style vehicles and drift mechanics on Roblox.
game_0135,Burning Quest Simulator,Sports,PC,0.9,2022-01-16,2314,"Burning Quest Simulator is a sports sim with team play, physics, and ranked seasons on Roblox."
game_0136,Golden Quest Simulator,Tycoon,Mobile,0.6,2022-11-28,915,Golden Quest Simulator is a tycoon builder where you grow a business from scratch to a fortune on Roblox.
game_0137,Shadow Quest Simulator,Obby,Xbox,0.706,2020-09-20,982,Shadow Quest Simulator is a platforming obstacle course testing precision and patience on Roblox.
game_0138,Turbo Quest Simulator,Social,Mobile,0.665,2024-04-02,4601,"Turbo Quest Simulator is a hangout hub for chatting, roleplay, and mini-games with friends on Roblox."
game_0139,Hyper Quest Simulator,Sandbox,PC,0.855,2023-11-07,1050,Hyper Quest Simulator is a physics sandbox for building and tinkering with anything on Roblox.
game_0140,Pixel Quest Simulator,Puzzle,PC,0.977,2024-01-06,115,Pixel Quest Simulator is a brain-teasing puzzle game with escalating logic challenges on Roblox.
game_0141,Mega Adventure Simulator,Survival,Xbox,0.764,2024-10-22,972,"Mega Adventure Simulator is a survival challenge against disasters, hunters, or the elements on Roblox."
game_0142,Ultra Adventure Simulator,Tower Defense,Mobile,0.972,2021-02-14,1134,Ultra Adventure Simulator is a tower-defense battleground to place units and repel waves on Roblox.
game_0143,Epic Adventure Simulator,Anime,PC,0.871,2020-11-01,1377,"Epic Adventure Simulator is an anime-inspired battler with powers, quests, and transformations on Roblox."
game_0144,Super Adventure Simulator,Mystery,PC,0.665,2020-11-03,4787,Super Adventure Simulator is a social-deduction mystery where you find the culprit before it's you on Roblox.
game_0145,Mystic Adventure Simulator,Comedy,PC,0.922,2021-01-16,49898,Mystic Adventure Simulator is a lighthearted comedic experience full of silly gags and chaos on Roblox.
game_0146,Neon Adventure Simulator,Military,PC,0.746,2022-04-21,1028,"Neon Adventure Simulator is a military roleplay of service, vehicles, and squad tactics on Roblox."
game_0147,Cyber Adventure Simulator,Scary,PC,0.65,2022-03-29,65,Cyber Adventure Simulator is a jump-scare driven horror romp through haunted locations on Roblox.
game_0148,Dark Adventure Simulator,Simulation,Xbox,0.975,2022-03-16,21741,"Dark Adventure Simulator is a life-sim experience where you build, decorate, and manage your own world on Roblox."
game_0149,Royal Adventure Simulator,Adventure,Xbox,0.604,2026-02-13,1793,"Royal Adventure Simulator is an open-world adventure packed with quests, treasures, and exploration on Roblox."
game_0150,Cosmic Adventure Simulator,Horror,PlayStation,0.593,2021-08-06,656,Cosmic Adventure Simulator is a tense horror escape where you survive what lurks in the dark on Roblox.
game_0151,Tiny Adventure Simulator,Strategy,Xbox,0.829,2022-01-28,197,Tiny Adventure Simulator is a deep strategy title where planning and positioning win the day on Roblox.
game_0152,Giant Adventure Simulator,FPS,Xbox,0.925,2021-01-23,677,Giant Adventure Simulator is a fast-paced shooter with satisfying gunplay and competitive modes on Roblox.
game_0153,Savage Adventure Simulator,RPG,PC,0.877,2025-06-06,3628,"Savage Adventure Simulator is an RPG with classes, leveling, and loot-driven progression on Roblox."
game_0154,Frozen Adventure Simulator,Fighting,Mobile,0.938,2023-03-06,294,"Frozen Adventure Simulator is a combat arena focused on combos, timing, and character mastery on Roblox."
game_0155,Burning Adventure Simulator,Racing,PC,0.735,2022-05-01,3464,Burning Adventure Simulator is a racing game with licensed-style vehicles and drift mechanics on Roblox.
game_0156,Golden Adventure Simulator,Sports,PC,0.623,2024-07-07,513,"Golden Adventure Simulator is a sports sim with team play, physics, and ranked seasons on Roblox."
game_0157,Shadow Adventure Simulator,Tycoon,PC,0.764,2023-11-01,15940,Shadow Adventure Simulator is a tycoon builder where you grow a business from scratch to a fortune on Roblox.
game_0158,Turbo Adventure Simulator,Obby,Mobile,0.66,2021-05-19,144,Turbo Adventure Simulator is a platforming obstacle course testing precision and patience on Roblox.
game_0159,Hyper Adventure Simulator,Social,PC,0.956,2021-07-31,1956,"Hyper Adventure Simulator is a hangout hub for chatting, roleplay, and mini-games with friends on Roblox."
game_0160,Pixel Adventure Simulator,Sandbox,PlayStation,0.636,2023-02-23,2869,Pixel Adventure Simulator is a physics sandbox for building and tinkering with anything on Roblox.
game_0161,Mega Empire Simulator,Puzzle,PC,0.797,2022-07-05,1032,Mega Empire Simulator is a brain-teasing puzzle game with escalating logic challenges on Roblox.
game_0162,Ultra Empire Simulator,Survival,PlayStation,0.942,2025-12-26,1995,"Ultra Empire Simulator is a survival challenge against disasters, hunters, or the elements on Roblox."
game_0163,Epic Empire Simulator,Tower Defense,Mobile,0.644,2022-08-01,2930,Epic Empire Simulator is a tower-defense battleground to place units and repel waves on Roblox.
game_0164,Super Empire Simulator,Anime,PC,0.82,2024-12-31,66,"Super Empire Simulator is an anime-inspired battler with powers, quests, and transformations on Roblox."
game_0165,Mystic Empire Simulator,Mystery,Xbox,0.564,2021-08-04,1961,Mystic Empire Simulator is a social-deduction mystery where you find the culprit before it's you on Roblox.
game_0166,Neon Empire Simulator,Comedy,PC,0.607,2024-04-13,486,Neon Empire Simulator is a lighthearted comedic experience full of silly gags and chaos on Roblox.
game_0167,Cyber Empire Simulator,Military,Mobile,0.907,2023-06-24,17301,"Cyber Empire Simulator is a military roleplay of service, vehicles, and squad tactics on Roblox."
game_0168,Dark Empire Simulator,Scary,PC,0.871,2023-03-24,6124,Dark Empire Simulator is a jump-scare driven horror romp through haunted locations on Roblox.
game_0169,Royal Empire Simulator,Simulation,PC,0.966,2022-01-29,39515,"Royal Empire Simulator is a life-sim experience where you build, decorate, and manage your own world on Roblox."
game_0170,Cosmic Empire Simulator,Adventure,Xbox,0.664,2026-05-18,188,"Cosmic Empire Simulator is an open-world adventure packed with quests, treasures, and exploration on Roblox."
game_0171,Tiny Empire Simulator,Horror,PC,0.801,2023-08-06,260,Tiny Empire Simulator is a tense horror escape where you survive what lurks in the dark on Roblox.
game_0172,Giant Empire Simulator,Strategy,Xbox,0.828,2024-01-20,12144,Giant Empire Simulator is a deep strategy title where planning and positioning win the day on Roblox.
game_0173,Savage Empire Simulator,FPS,Mobile,0.6,2021-12-15,789,Savage Empire Simulator is a fast-paced shooter with satisfying gunplay and competitive modes on Roblox.
game_0174,Frozen Empire Simulator,RPG,PC,0.717,2025-01-05,276,"Frozen Empire Simulator is an RPG with classes, leveling, and loot-driven progression on Roblox."
game_0175,Burning Empire Simulator,Fighting,PC,0.931,2024-10-20,1432,"Burning Empire Simulator is a combat arena focused on combos, timing, and character mastery on Roblox."
game_0176,Golden Empire Simulator,Racing,Mobile,0.564,2023-05-26,11885,Golden Empire Simulator is a racing game with licensed-style vehicles and drift mechanics on Roblox.
game_0177,Shadow Empire Simulator,Sports,PC,0.593,2022-06-20,47,"Shadow Empire Simulator is a sports sim with team play, physics, and ranked seasons on Roblox."
game_0178,Turbo Empire Simulator,Tycoon,Mobile,0.576,2022-07-06,270596,Turbo Empire Simulator is a tycoon builder where you grow a business from scratch to a fortune on Roblox.
game_0179,Hyper Empire Simulator,Obby,PC,0.826,2024-02-27,2920,Hyper Empire Simulator is a platforming obstacle course testing precision and patience on Roblox.
game_0180,Pixel Empire Simulator,Social,Mobile,0.58,2024-03-26,490,"Pixel Empire Simulator is a hangout hub for chatting, roleplay, and mini-games with friends on Roblox."
game_0181,Mega Legends Simulator,Sandbox,Xbox,0.691,2023-12-03,393,Mega Legends Simulator is a physics sandbox for building and tinkering with anything on Roblox.
game_0182,Ultra Legends Simulator,Puzzle,PC,0.782,2025-01-28,3464,Ultra Legends Simulator is a brain-teasing puzzle game with escalating logic challenges on Roblox.
game_0183,Epic Legends Simulator,Survival,Xbox,0.803,2023-11-13,227,"Epic Legends Simulator is a survival challenge against disasters, hunters, or the elements on Roblox."
game_0184,Super Legends Simulator,Tower Defense,PC,0.776,2021-10-24,524,Super Legends Simulator is a tower-defense battleground to place units and repel waves on Roblox.
game_0185,Mystic Legends Simulator,Anime,Mobile,0.805,2020-10-11,817,"Mystic Legends Simulator is an anime-inspired battler with powers, quests, and transformations on Roblox."
game_0186,Neon Legends Simulator,Mystery,PC,0.68,2020-09-08,150,Neon Legends Simulator is a social-deduction mystery where you find the culprit before it's you on Roblox.
game_0187,Cyber Legends Simulator,Comedy,Mobile,0.761,2025-04-28,5776,Cyber Legends Simulator is a lighthearted comedic experience full of silly gags and chaos on Roblox.
game_0188,Dark Legends Simulator,Military,Xbox,0.818,2023-06-14,1507,"Dark Legends Simulator is a military roleplay of service, vehicles, and squad tactics on Roblox."
game_0189,Royal Legends Simulator,Scary,Mobile,0.745,2023-03-25,2809,Royal Legends Simulator is a jump-scare driven horror romp through haunted locations on Roblox.
game_0190,Cosmic Legends Simulator,Simulation,Mobile,0.735,2024-02-15,17571,"Cosmic Legends Simulator is a life-sim experience where you build, decorate, and manage your own world on Roblox."
game_0191,Tiny Legends Simulator,Adventure,Xbox,0.729,2022-01-23,278,"Tiny Legends Simulator is an open-world adventure packed with quests, treasures, and exploration on Roblox."
game_0192,Giant Legends Simulator,Horror,PC,0.96,2022-05-03,601,Giant Legends Simulator is a tense horror escape where you survive what lurks in the dark on Roblox.
game_0193,Savage Legends Simulator,Strategy,Mobile,0.59,2025-07-30,1014,Savage Legends Simulator is a deep strategy title where planning and positioning win the day on Roblox.
game_0194,Frozen Legends Simulator,FPS,PC,0.802,2025-11-11,35674,Frozen Legends Simulator is a fast-paced shooter with satisfying gunplay and competitive modes on Roblox.
game_0195,Burning Legends Simulator,RPG,Mobile,0.926,2022-07-27,643,"Burning Legends Simulator is an RPG with classes, leveling, and loot-driven progression on Roblox."
game_0196,Golden Legends Simulator,Fighting,PlayStation,0.966,2025-12-16,88,"Golden Legends Simulator is a combat arena focused on combos, timing, and character mastery on Roblox."
game_0197,Shadow Legends Simulator,Racing,Mobile,0.617,2024-02-24,417,Shadow Legends Simulator is a racing game with licensed-style vehicles and drift mechanics on Roblox.
game_0198,Turbo Legends Simulator,Sports,Mobile,0.599,2022-05-31,4754,"Turbo Legends Simulator is a sports sim with team play, physics, and ranked seasons on Roblox."
game_0199,Hyper Legends Simulator,Tycoon,PC,0.812,2026-03-29,293,Hyper Legends Simulator is a tycoon builder where you grow a business from scratch to a fortune on Roblox.
game_0200,Pixel Legends Simulator,Obby,Mobile,0.852,2023-06-21,1894,Pixel Legends Simulator is a platforming obstacle course testing precision and patience on Roblox.
game_0201,Mega Arena Simulator,Social,PC,0.58,2022-01-15,11395,"Mega Arena Simulator is a hangout hub for chatting, roleplay, and mini-games with friends on Roblox."
game_0202,Ultra Arena Simulator,Sandbox,Mobile,0.697,2021-06-12,1254,Ultra Arena Simulator is a physics sandbox for building and tinkering with anything on Roblox.
game_0203,Epic Arena Simulator,Puzzle,PC,0.93,2025-08-01,16739,Epic Arena Simulator is a brain-teasing puzzle game with escalating logic challenges on Roblox.
game_0204,Super Arena Simulator,Survival,PC,0.759,2021-10-12,139,"Super Arena Simulator is a survival challenge against disasters, hunters, or the elements on Roblox."
game_0205,Mystic Arena Simulator,Tower Defense,PC,0.698,2025-04-04,86,Mystic Arena Simulator is a tower-defense battleground to place units and repel waves on Roblox.
game_0206,Neon Arena Simulator,Anime,PC,0.837,2020-08-16,3649,"Neon Arena Simulator is an anime-inspired battler with powers, quests, and transformations on Roblox."
game_0207,Cyber Arena Simulator,Mystery,PC,0.638,2026-06-13,535,Cyber Arena Simulator is a social-deduction mystery where you find the culprit before it's you on Roblox.
game_0208,Dark Arena Simulator,Comedy,PlayStation,0.691,2023-04-16,24626,Dark Arena Simulator is a lighthearted comedic experience full of silly gags and chaos on Roblox.
game_0209,Royal Arena Simulator,Military,PC,0.779,2022-04-09,2496,"Royal Arena Simulator is a military roleplay of service, vehicles, and squad tactics on Roblox."
game_0210,Cosmic Arena Simulator,Scary,PC,0.581,2022-07-25,1782,Cosmic Arena Simulator is a jump-scare driven horror romp through haunted locations on Roblox.
game_0211,Tiny Arena Simulator,Simulation,Xbox,0.674,2021-11-07,1785,"Tiny Arena Simulator is a life-sim experience where you build, decorate, and manage your own world on Roblox."
game_0212,Giant Arena Simulator,Adventure,PC,0.588,2022-06-23,10674,"Giant Arena Simulator is an open-world adventure packed with quests, treasures, and exploration on Roblox."
game_0213,Savage Arena Simulator,Horror,Xbox,0.584,2020-08-28,197,Savage Arena Simulator is a tense horror escape where you survive what lurks in the dark on Roblox.
game_0214,Frozen Arena Simulator,Strategy,Xbox,0.583,2024-08-25,2609,Frozen Arena Simulator is a deep strategy title where planning and positioning win the day on Roblox.
game_0215,Burning Arena Simulator,FPS,Mobile,0.701,2022-08-13,1217,Burning Arena Simulator is a fast-paced shooter with satisfying gunplay and competitive modes on Roblox.
game_0216,Golden Arena Simulator,RPG,PlayStation,0.613,2025-05-19,1751,"Golden Arena Simulator is an RPG with classes, leveling, and loot-driven progression on Roblox."
game_0217,Shadow Arena Simulator,Fighting,PC,0.626,2025-09-09,3541,"Shadow Arena Simulator is a combat arena focused on combos, timing, and character mastery on Roblox."
game_0218,Turbo Arena Simulator,Racing,Xbox,0.843,2021-07-02,1026,Turbo Arena Simulator is a racing game with licensed-style vehicles and drift mechanics on Roblox.
game_0219,Hyper Arena Simulator,Sports,Xbox,0.74,2021-04-11,445,"Hyper Arena Simulator is a sports sim with team play, physics, and ranked seasons on Roblox."
game_0220,Pixel Arena Simulator,Tycoon,PC,0.582,2020-11-04,569,Pixel Arena Simulator is a tycoon builder where you grow a business from scratch to a fortune on Roblox.
game_0221,Mega Battle Simulator,Obby,Mobile,0.583,2023-04-26,146,Mega Battle Simulator is a platforming obstacle course testing precision and patience on Roblox.
game_0222,Ultra Battle Simulator,Social,Xbox,0.715,2020-11-06,13809,"Ultra Battle Simulator is a hangout hub for chatting, roleplay, and mini-games with friends on Roblox."
game_0223,Epic Battle Simulator,Sandbox,Mobile,0.766,2021-03-14,1397,Epic Battle Simulator is a physics sandbox for building and tinkering with anything on Roblox.
game_0224,Super Battle Simulator,Puzzle,PlayStation,0.972,2022-09-07,534,Super Battle Simulator is a brain-teasing puzzle game with escalating logic challenges on Roblox.
game_0225,Mystic Battle Simulator,Survival,PC,0.976,2021-08-16,1664,"Mystic Battle Simulator is a survival challenge against disasters, hunters, or the elements on Roblox."
game_0226,Neon Battle Simulator,Tower Defense,Mobile,0.717,2023-05-13,1761,Neon Battle Simulator is a tower-defense battleground to place units and repel waves on Roblox.
game_0227,Cyber Battle Simulator,Anime,Xbox,0.578,2022-10-13,1841,"Cyber Battle Simulator is an anime-inspired battler with powers, quests, and transformations on Roblox."
game_0228,Dark Battle Simulator,Mystery,PC,0.693,2024-11-06,2173,Dark Battle Simulator is a social-deduction mystery where you find the culprit before it's you on Roblox.
game_0229,Royal Battle Simulator,Comedy,Mobile,0.605,2022-02-20,241,Royal Battle Simulator is a lighthearted comedic experience full of silly gags and chaos on Roblox.
game_0230,Cosmic Battle Simulator,Military,Mobile,0.9,2022-11-07,82,"Cosmic Battle Simulator is a military roleplay of service, vehicles, and squad tactics on Roblox."
game_0231,Tiny Battle Simulator,Scary,Mobile,0.59,2020-08-18,34771,Tiny Battle Simulator is a jump-scare driven horror romp through haunted locations on Roblox.
game_0232,Giant Battle Simulator,Simulation,Mobile,0.628,2023-01-26,1122,"Giant Battle Simulator is a life-sim experience where you build, decorate, and manage your own world on Roblox."
game_0233,Savage Battle Simulator,Adventure,PC,0.98,2023-12-30,11990,"Savage Battle Simulator is an open-world adventure packed with quests, treasures, and exploration on Roblox."
game_0234,Frozen Battle Simulator,Horror,PC,0.881,2020-11-03,77,Frozen Battle Simulator is a tense horror escape where you survive what lurks in the dark on Roblox.
game_0235,Burning Battle Simulator,Strategy,Xbox,0.807,2025-01-24,161,Burning Battle Simulator is a deep strategy title where planning and positioning win the day on Roblox.
game_0236,Golden Battle Simulator,FPS,PC,0.86,2024-09-04,63,Golden Battle Simulator is a fast-paced shooter with satisfying gunplay and competitive modes on Roblox.
game_0237,Shadow Battle Simulator,RPG,PC,0.813,2021-07-21,290,"Shadow Battle Simulator is an RPG with classes, leveling, and loot-driven progression on Roblox."
game_0238,Turbo Battle Simulator,Fighting,Mobile,0.683,2023-11-08,3031,"Turbo Battle Simulator is a combat arena focused on combos, timing, and character mastery on Roblox."
game_0239,Hyper Battle Simulator,Racing,Xbox,0.842,2022-05-30,654,Hyper Battle Simulator is a racing game with licensed-style vehicles and drift mechanics on Roblox.
game_0240,Pixel Battle Simulator,Sports,Mobile,0.766,2022-04-02,540,"Pixel Battle Simulator is a sports sim with team play, physics, and ranked seasons on Roblox."
game_0241,Mega Escape Simulator,Tycoon,PC,0.925,2024-12-25,344,Mega Escape Simulator is a tycoon builder where you grow a business from scratch to a fortune on Roblox.
game_0242,Ultra Escape Simulator,Obby,PC,0.856,2025-05-20,1007,Ultra Escape Simulator is a platforming obstacle course testing precision and patience on Roblox.
game_0243,Epic Escape Simulator,Social,Mobile,0.613,2020-10-11,201,"Epic Escape Simulator is a hangout hub for chatting, roleplay, and mini-games with friends on Roblox."
game_0244,Super Escape Simulator,Sandbox,PC,0.93,2021-06-23,5297,Super Escape Simulator is a physics sandbox for building and tinkering with anything on Roblox.
game_0245,Mystic Escape Simulator,Puzzle,PlayStation,0.651,2022-05-05,744,Mystic Escape Simulator is a brain-teasing puzzle game with escalating logic challenges on Roblox.
game_0246,Neon Escape Simulator,Survival,PlayStation,0.911,2025-06-04,770,"Neon Escape Simulator is a survival challenge against disasters, hunters, or the elements on Roblox."
game_0247,Cyber Escape Simulator,Tower Defense,Mobile,0.944,2023-04-26,2772,Cyber Escape Simulator is a tower-defense battleground to place units and repel waves on Roblox.
game_0248,Dark Escape Simulator,Anime,Mobile,0.743,2021-04-10,47508,"Dark Escape Simulator is an anime-inspired battler with powers, quests, and transformations on Roblox."
game_0249,Royal Escape Simulator,Mystery,PC,0.786,2024-11-09,232,Royal Escape Simulator is a social-deduction mystery where you find the culprit before it's you on Roblox.
game_0250,Cosmic Escape Simulator,Comedy,Mobile,0.652,2023-04-21,1194,Cosmic Escape Simulator is a lighthearted comedic experience full of silly gags and chaos on Roblox.
game_0251,Tiny Escape Simulator,Military,PC,0.577,2021-05-29,150,"Tiny Escape Simulator is a military roleplay of service, vehicles, and squad tactics on Roblox."
game_0252,Giant Escape Simulator,Scary,Xbox,0.797,2020-10-03,1095,Giant Escape Simulator is a jump-scare driven horror romp through haunted locations on Roblox.
game_0253,Savage Escape Simulator,Simulation,Mobile,0.836,2024-06-07,427,"Savage Escape Simulator is a life-sim experience where you build, decorate, and manage your own world on Roblox."
game_0254,Frozen Escape Simulator,Adventure,PC,0.788,2020-11-03,1267,"Frozen Escape Simulator is an open-world adventure packed with quests, treasures, and exploration on Roblox."
game_0255,Burning Escape Simulator,Horror,PC,0.659,2022-05-07,875,Burning Escape Simulator is a tense horror escape where you survive what lurks in the dark on Roblox.
game_0256,Golden Escape Simulator,Strategy,PC,0.882,2025-05-16,3672,Golden Escape Simulator is a deep strategy title where planning and positioning win the day on Roblox.
game_0257,Shadow Escape Simulator,FPS,Mobile,0.9,2022-09-27,677,Shadow Escape Simulator is a fast-paced shooter with satisfying gunplay and competitive modes on Roblox.
game_0258,Turbo Escape Simulator,RPG,PC,0.822,2021-03-02,4587,"Turbo Escape Simulator is an RPG with classes, leveling, and loot-driven progression on Roblox."
game_0259,Hyper Escape Simulator,Fighting,Xbox,0.89,2026-01-16,930,"Hyper Escape Simulator is a combat arena focused on combos, timing, and character mastery on Roblox."
game_0260,Pixel Escape Simulator,Racing,Xbox,0.975,2022-01-25,526,Pixel Escape Simulator is a racing game with licensed-style vehicles and drift mechanics on Roblox.
game_0261,Mega Factory Simulator,Sports,Mobile,0.673,2024-05-23,70,"Mega Factory Simulator is a sports sim with team play, physics, and ranked seasons on Roblox."
game_0262,Ultra Factory Simulator,Tycoon,Xbox,0.932,2021-08-20,49,Ultra Factory Simulator is a tycoon builder where you grow a business from scratch to a fortune on Roblox.
game_0263,Epic Factory Simulator,Obby,Mobile,0.763,2024-06-09,6412,Epic Factory Simulator is a platforming obstacle course testing precision and patience on Roblox.
game_0264,Super Factory Simulator,Social,Mobile,0.863,2025-08-10,12366,"Super Factory Simulator is a hangout hub for chatting, roleplay, and mini-games with friends on Roblox."
game_0265,Mystic Factory Simulator,Sandbox,PC,0.688,2023-03-29,5339,Mystic Factory Simulator is a physics sandbox for building and tinkering with anything on Roblox.
game_0266,Neon Factory Simulator,Puzzle,PC,0.622,2021-10-03,2073,Neon Factory Simulator is a brain-teasing puzzle game with escalating logic challenges on Roblox.
game_0267,Cyber Factory Simulator,Survival,PC,0.814,2022-07-31,644,"Cyber Factory Simulator is a survival challenge against disasters, hunters, or the elements on Roblox."
game_0268,Dark Factory Simulator,Tower Defense,PC,0.582,2025-11-22,6876,Dark Factory Simulator is a tower-defense battleground to place units and repel waves on Roblox.
game_0269,Royal Factory Simulator,Anime,Mobile,0.96,2024-09-27,166,"Royal Factory Simulator is an anime-inspired battler with powers, quests, and transformations on Roblox."
game_0270,Cosmic Factory Simulator,Mystery,PC,0.604,2026-02-22,4230,Cosmic Factory Simulator is a social-deduction mystery where you find the culprit before it's you on Roblox.
game_0271,Tiny Factory Simulator,Comedy,PC,0.81,2026-03-04,2048,Tiny Factory Simulator is a lighthearted comedic experience full of silly gags and chaos on Roblox.
game_0272,Giant Factory Simulator,Military,Mobile,0.797,2025-09-03,7798,"Giant Factory Simulator is a military roleplay of service, vehicles, and squad tactics on Roblox."
game_0273,Savage Factory Simulator,Scary,Mobile,0.963,2023-09-26,493,Savage Factory Simulator is a jump-scare driven horror romp through haunted locations on Roblox.
game_0274,Frozen Factory Simulator,Simulation,PC,0.663,2025-03-19,183,"Frozen Factory Simulator is a life-sim experience where you build, decorate, and manage your own world on Roblox."
game_0275,Burning Factory Simulator,Adventure,PC,0.744,2025-09-14,1066,"Burning Factory Simulator is an open-world adventure packed with quests, treasures, and exploration on Roblox."
game_0276,Golden Factory Simulator,Horror,Xbox,0.837,2022-12-13,929,Golden Factory Simulator is a tense horror escape where you survive what lurks in the dark on Roblox.
game_0277,Shadow Factory Simulator,Strategy,Mobile,0.916,2023-03-04,1330,Shadow Factory Simulator is a deep strategy title where planning and positioning win the day on Roblox.
game_0278,Turbo Factory Simulator,FPS,Mobile,0.974,2025-03-04,5659,Turbo Factory Simulator is a fast-paced shooter with satisfying gunplay and competitive modes on Roblox.
game_0279,Hyper Factory Simulator,RPG,Xbox,0.788,2022-06-27,262,"Hyper Factory Simulator is an RPG with classes, leveling, and loot-driven progression on Roblox."
game_0280,Pixel Factory Simulator,Fighting,PC,0.578,2025-07-26,7037,"Pixel Factory Simulator is a combat arena focused on combos, timing, and character mastery on Roblox."
game_0281,Mega Island Simulator,Racing,PC,0.881,2021-12-05,3436,Mega Island Simulator is a racing game with licensed-style vehicles and drift mechanics on Roblox.
game_0282,Ultra Island Simulator,Sports,Xbox,0.698,2020-09-24,2231,"Ultra Island Simulator is a sports sim with team play, physics, and ranked seasons on Roblox."
game_0283,Epic Island Simulator,Tycoon,Xbox,0.88,2024-06-29,9280,Epic Island Simulator is a tycoon builder where you grow a business from scratch to a fortune on Roblox.
game_0284,Super Island Simulator,Obby,PC,0.773,2025-02-21,1164,Super Island Simulator is a platforming obstacle course testing precision and patience on Roblox.
game_0285,Mystic Island Simulator,Social,PC,0.658,2025-08-25,1179,"Mystic Island Simulator is a hangout hub for chatting, roleplay, and mini-games with friends on Roblox."
game_0286,Neon Island Simulator,Sandbox,Mobile,0.814,2023-02-20,1286,Neon Island Simulator is a physics sandbox for building and tinkering with anything on Roblox.
game_0287,Cyber Island Simulator,Puzzle,PC,0.624,2024-10-21,2830,Cyber Island Simulator is a brain-teasing puzzle game with escalating logic challenges on Roblox.
game_0288,Dark Island Simulator,Survival,Mobile,0.905,2026-01-27,5801,"Dark Island Simulator is a survival challenge against disasters, hunters, or the elements on Roblox."
game_0289,Royal Island Simulator,Tower Defense,PC,0.816,2021-11-11,2006,Royal Island Simulator is a tower-defense battleground to place units and repel waves on Roblox.
game_0290,Cosmic Island Simulator,Anime,PC,0.758,2023-02-23,11494,"Cosmic Island Simulator is an anime-inspired battler with powers, quests, and transformations on Roblox."
game_0291,Tiny Island Simulator,Mystery,Xbox,0.846,2025-09-19,2259,Tiny Island Simulator is a social-deduction mystery where you find the culprit before it's you on Roblox.
game_0292,Giant Island Simulator,Comedy,PC,0.811,2022-09-20,711,Giant Island Simulator is a lighthearted comedic experience full of silly gags and chaos on Roblox.
game_0293,Savage Island Simulator,Military,PC,0.969,2022-08-30,10456,"Savage Island Simulator is a military roleplay of service, vehicles, and squad tactics on Roblox."
game_0294,Frozen Island Simulator,Scary,PC,0.654,2022-12-15,487,Frozen Island Simulator is a jump-scare driven horror romp through haunted locations on Roblox.
game_0295,Burning Island Simulator,Simulation,PC,0.675,2025-12-19,933,"Burning Island Simulator is a life-sim experience where you build, decorate, and manage your own world on Roblox."
game_0296,Golden Island Simulator,Adventure,PC,0.9,2024-09-28,1671,"Golden Island Simulator is an open-world adventure packed with quests, treasures, and exploration on Roblox."
game_0297,Shadow Island Simulator,Horror,PlayStation,0.764,2024-09-30,2319,Shadow Island Simulator is a tense horror escape where you survive what lurks in the dark on Roblox.
game_0298,Turbo Island Simulator,Strategy,Mobile,0.589,2026-04-11,1091,Turbo Island Simulator is a deep strategy title where planning and positioning win the day on Roblox.
game_0299,Hyper Island Simulator,FPS,PC,0.571,2022-07-30,939,Hyper Island Simulator is a fast-paced shooter with satisfying gunplay and competitive modes on Roblox.
game_0300,Pixel Island Simulator,RPG,PC,0.673,2021-04-04,6022,"Pixel Island Simulator is an RPG with classes, leveling, and loot-driven progression on Roblox."
game_0301,Mega Castle Simulator,Fighting,PC,0.707,2022-01-05,395,"Mega Castle Simulator is a combat arena focused on combos, timing, and character mastery on Roblox."
game_0302,Ultra Castle Simulator,Racing,PC,0.582,2023-04-19,1393,Ultra Castle Simulator is a racing game with licensed-style vehicles and drift mechanics on Roblox.
game_0303,Epic Castle Simulator,Sports,Mobile,0.605,2025-03-15,3003,"Epic Castle Simulator is a sports sim with team play, physics, and ranked seasons on Roblox."
game_0304,Super Castle Simulator,Tycoon,PC,0.636,2024-12-01,1408,Super Castle Simulator is a tycoon builder where you grow a business from scratch to a fortune on Roblox.
game_0305,Mystic Castle Simulator,Obby,Mobile,0.857,2024-12-30,1096,Mystic Castle Simulator is a platforming obstacle course testing precision and patience on Roblox.
game_0306,Neon Castle Simulator,Social,Xbox,0.61,2020-10-02,1167,"Neon Castle Simulator is a hangout hub for chatting, roleplay, and mini-games with friends on Roblox."
game_0307,Cyber Castle Simulator,Sandbox,PlayStation,0.805,2023-03-07,482,Cyber Castle Simulator is a physics sandbox for building and tinkering with anything on Roblox.
game_0308,Dark Castle Simulator,Puzzle,Mobile,0.754,2023-03-05,1155,Dark Castle Simulator is a brain-teasing puzzle game with escalating logic challenges on Roblox.
game_0309,Royal Castle Simulator,Survival,PC,0.801,2021-11-11,651,"Royal Castle Simulator is a survival challenge against disasters, hunters, or the elements on Roblox."
game_0310,Cosmic Castle Simulator,Tower Defense,Xbox,0.807,2026-03-27,7963,Cosmic Castle Simulator is a tower-defense battleground to place units and repel waves on Roblox.
game_0311,Tiny Castle Simulator,Anime,PC,0.801,2025-12-16,1449,"Tiny Castle Simulator is an anime-inspired battler with powers, quests, and transformations on Roblox."
game_0312,Giant Castle Simulator,Mystery,PC,0.614,2022-04-09,2783,Giant Castle Simulator is a social-deduction mystery where you find the culprit before it's you on Roblox.
game_0313,Savage Castle Simulator,Comedy,Mobile,0.726,2024-03-31,600,Savage Castle Simulator is a lighthearted comedic experience full of silly gags and chaos on Roblox.
game_0314,Frozen Castle Simulator,Military,Xbox,0.773,2024-12-26,2187,"Frozen Castle Simulator is a military roleplay of service, vehicles, and squad tactics on Roblox."
game_0315,Burning Castle Simulator,Scary,Mobile,0.841,2022-07-24,865,Burning Castle Simulator is a jump-scare driven horror romp through haunted locations on Roblox.
game_0316,Golden Castle Simulator,Simulation,Xbox,0.812,2023-07-28,13721,"Golden Castle Simulator is a life-sim experience where you build, decorate, and manage your own world on Roblox."
game_0317,Shadow Castle Simulator,Adventure,PC,0.955,2024-01-05,227,"Shadow Castle Simulator is an open-world adventure packed with quests, treasures, and exploration on Roblox."
game_0318,Turbo Castle Simulator,Horror,PlayStation,0.686,2021-01-19,13661,Turbo Castle Simulator is a tense horror escape where you survive what lurks in the dark on Roblox.
game_0319,Hyper Castle Simulator,Strategy,PC,0.935,2022-04-11,540,Hyper Castle Simulator is a deep strategy title where planning and positioning win the day on Roblox.
game_0320,Pixel Castle Simulator,FPS,PC,0.675,2024-11-22,168,Pixel Castle Simulator is a fast-paced shooter with satisfying gunplay and competitive modes on Roblox.
game_0321,Mega Dungeon Simulator,RPG,PC,0.832,2021-07-29,2695,"Mega Dungeon Simulator is an RPG with classes, leveling, and loot-driven progression on Roblox."
game_0322,Ultra Dungeon Simulator,Fighting,Mobile,0.609,2023-06-28,261,"Ultra Dungeon Simulator is a combat arena focused on combos, timing, and character mastery on Roblox."
game_0323,Epic Dungeon Simulator,Racing,Mobile,0.824,2024-01-02,1502,Epic Dungeon Simulator is a racing game with licensed-style vehicles and drift mechanics on Roblox.
game_0324,Super Dungeon Simulator,Sports,PC,0.843,2025-05-29,472,"Super Dungeon Simulator is a sports sim with team play, physics, and ranked seasons on Roblox."
game_0325,Mystic Dungeon Simulator,Tycoon,PC,0.755,2021-03-14,73,Mystic Dungeon Simulator is a tycoon builder where you grow a business from scratch to a fortune on Roblox.
game_0326,Neon Dungeon Simulator,Obby,PC,0.94,2025-11-14,7156,Neon Dungeon Simulator is a platforming obstacle course testing precision and patience on Roblox.
game_0327,Cyber Dungeon Simulator,Social,PC,0.943,2026-02-12,1698,"Cyber Dungeon Simulator is a hangout hub for chatting, roleplay, and mini-games with friends on Roblox."
game_0328,Dark Dungeon Simulator,Sandbox,PC,0.979,2026-02-16,3916,Dark Dungeon Simulator is a physics sandbox for building and tinkering with anything on Roblox.
game_0329,Royal Dungeon Simulator,Puzzle,PC,0.927,2023-04-16,897,Royal Dungeon Simulator is a brain-teasing puzzle game with escalating logic challenges on Roblox.
game_0330,Cosmic Dungeon Simulator,Survival,PC,0.672,2022-10-11,1351,"Cosmic Dungeon Simulator is a survival challenge against disasters, hunters, or the elements on Roblox."
game_0331,Tiny Dungeon Simulator,Tower Defense,PlayStation,0.916,2025-01-11,1386,Tiny Dungeon Simulator is a tower-defense battleground to place units and repel waves on Roblox.
game_0332,Giant Dungeon Simulator,Anime,Mobile,0.864,2024-09-17,424,"Giant Dungeon Simulator is an anime-inspired battler with powers, quests, and transformations on Roblox."
game_0333,Savage Dungeon Simulator,Mystery,Mobile,0.625,2024-05-14,581,Savage Dungeon Simulator is a social-deduction mystery where you find the culprit before it's you on Roblox.
game_0334,Frozen Dungeon Simulator,Comedy,Xbox,0.629,2025-06-19,1148,Frozen Dungeon Simulator is a lighthearted comedic experience full of silly gags and chaos on Roblox.
game_0335,Burning Dungeon Simulator,Military,PC,0.715,2023-08-11,575,"Burning Dungeon Simulator is a military roleplay of service, vehicles, and squad tactics on Roblox."
game_0336,Golden Dungeon Simulator,Scary,PC,0.662,2026-05-29,422,Golden Dungeon Simulator is a jump-scare driven horror romp through haunted locations on Roblox.
game_0337,Shadow Dungeon Simulator,Simulation,PC,0.682,2021-04-25,124,"Shadow Dungeon Simulator is a life-sim experience where you build, decorate, and manage your own world on Roblox."
game_0338,Turbo Dungeon Simulator,Adventure,PC,0.847,2023-01-18,1171,"Turbo Dungeon Simulator is an open-world adventure packed with quests, treasures, and exploration on Roblox."
game_0339,Hyper Dungeon Simulator,Horror,Mobile,0.644,2024-01-22,7423,Hyper Dungeon Simulator is a tense horror escape where you survive what lurks in the dark on Roblox.
game_0340,Pixel Dungeon Simulator,Strategy,PC,0.876,2021-04-03,1802,Pixel Dungeon Simulator is a deep strategy title where planning and positioning win the day on Roblox.
game_0341,Mega City Simulator,FPS,Xbox,0.776,2025-08-13,46768,Mega City Simulator is a fast-paced shooter with satisfying gunplay and competitive modes on Roblox.
game_0342,Ultra City Simulator,RPG,Mobile,0.577,2025-04-11,11,"Ultra City Simulator is an RPG with classes, leveling, and loot-driven progression on Roblox."
game_0343,Epic City Simulator,Fighting,Mobile,0.621,2024-11-08,1135,"Epic City Simulator is a combat arena focused on combos, timing, and character mastery on Roblox."
game_0344,Super City Simulator,Racing,Xbox,0.589,2021-01-19,665,Super City Simulator is a racing game with licensed-style vehicles and drift mechanics on Roblox.
game_0345,Mystic City Simulator,Sports,Mobile,0.729,2020-10-11,5168,"Mystic City Simulator is a sports sim with team play, physics, and ranked seasons on Roblox."
game_0346,Neon City Simulator,Tycoon,Mobile,0.861,2023-01-29,1795,Neon City Simulator is a tycoon builder where you grow a business from scratch to a fortune on Roblox.
game_0347,Cyber City Simulator,Obby,PC,0.569,2025-09-18,33426,Cyber City Simulator is a platforming obstacle course testing precision and patience on Roblox.
game_0348,Dark City Simulator,Social,PC,0.711,2021-10-27,371,"Dark City Simulator is a hangout hub for chatting, roleplay, and mini-games with friends on Roblox."
game_0349,Royal City Simulator,Sandbox,Xbox,0.712,2022-04-20,199,Royal City Simulator is a physics sandbox for building and tinkering with anything on Roblox.
game_0350,Cosmic City Simulator,Puzzle,Mobile,0.601,2022-08-20,2875,Cosmic City Simulator is a brain-teasing puzzle game with escalating logic challenges on Roblox.
game_0351,Tiny City Simulator,Survival,PlayStation,0.909,2024-01-14,783,"Tiny City Simulator is a survival challenge against disasters, hunters, or the elements on Roblox."
game_0352,Giant City Simulator,Tower Defense,Mobile,0.779,2021-10-11,12654,Giant City Simulator is a tower-defense battleground to place units and repel waves on Roblox.
game_0353,Savage City Simulator,Anime,Xbox,0.631,2023-06-11,379,"Savage City Simulator is an anime-inspired battler with powers, quests, and transformations on Roblox."
game_0354,Frozen City Simulator,Mystery,Xbox,0.653,2026-05-11,3435,Frozen City Simulator is a social-deduction mystery where you find the culprit before it's you on Roblox.
game_0355,Burning City Simulator,Comedy,PC,0.655,2025-12-27,1747,Burning City Simulator is a lighthearted comedic experience full of silly gags and chaos on Roblox.
game_0356,Golden City Simulator,Military,PC,0.61,2025-11-25,762,"Golden City Simulator is a military roleplay of service, vehicles, and squad tactics on Roblox."
game_0357,Shadow City Simulator,Scary,PlayStation,0.652,2022-12-09,1798,Shadow City Simulator is a jump-scare driven horror romp through haunted locations on Roblox.
game_0358,Turbo City Simulator,Simulation,Xbox,0.819,2024-07-27,790,"Turbo City Simulator is a life-sim experience where you build, decorate, and manage your own world on Roblox."
game_0359,Hyper City Simulator,Adventure,PC,0.888,2022-04-05,710,"Hyper City Simulator is an open-world adventure packed with quests, treasures, and exploration on Roblox."
game_0360,Pixel City Simulator,Horror,PC,0.629,2022-04-25,837,Pixel City Simulator is a tense horror escape where you survive what lurks in the dark on Roblox.
game_0361,Mega Kingdom Simulator,Strategy,Mobile,0.896,2024-11-30,437,Mega Kingdom Simulator is a deep strategy title where planning and positioning win the day on Roblox.
game_0362,Ultra Kingdom Simulator,FPS,Xbox,0.608,2020-08-04,223177,Ultra Kingdom Simulator is a fast-paced shooter with satisfying gunplay and competitive modes on Roblox.
game_0363,Epic Kingdom Simulator,RPG,PC,0.914,2021-06-28,109,"Epic Kingdom Simulator is an RPG with classes, leveling, and loot-driven progression on Roblox."
game_0364,Super Kingdom Simulator,Fighting,PC,0.712,2023-07-11,2348,"Super Kingdom Simulator is a combat arena focused on combos, timing, and character mastery on Roblox."
game_0365,Mystic Kingdom Simulator,Racing,Mobile,0.756,2024-02-07,8329,Mystic Kingdom Simulator is a racing game with licensed-style vehicles and drift mechanics on Roblox.
game_0366,Neon Kingdom Simulator,Sports,Xbox,0.721,2024-03-29,183,"Neon Kingdom Simulator is a sports sim with team play, physics, and ranked seasons on Roblox."
game_0367,Cyber Kingdom Simulator,Tycoon,PC,0.779,2021-04-22,553,Cyber Kingdom Simulator is a tycoon builder where you grow a business from scratch to a fortune on Roblox.
game_0368,Dark Kingdom Simulator,Obby,PC,0.75,2020-12-16,286,Dark Kingdom Simulator is a platforming obstacle course testing precision and patience on Roblox.
game_0369,Royal Kingdom Simulator,Social,Xbox,0.943,2022-12-11,14201,"Royal Kingdom Simulator is a hangout hub for chatting, roleplay, and mini-games with friends on Roblox."
game_0370,Cosmic Kingdom Simulator,Sandbox,PC,0.869,2024-01-20,639,Cosmic Kingdom Simulator is a physics sandbox for building and tinkering with anything on Roblox.
game_0371,Tiny Kingdom Simulator,Puzzle,PC,0.677,2021-11-07,1558,Tiny Kingdom Simulator is a brain-teasing puzzle game with escalating logic challenges on Roblox.
game_0372,Giant Kingdom Simulator,Survival,PC,0.765,2023-10-12,195,"Giant Kingdom Simulator is a survival challenge against disasters, hunters, or the elements on Roblox."
game_0373,Savage Kingdom Simulator,Tower Defense,Mobile,0.966,2021-01-20,2171,Savage Kingdom Simulator is a tower-defense battleground to place units and repel waves on Roblox.
game_0374,Frozen Kingdom Simulator,Anime,Mobile,0.623,2022-08-02,1063,"Frozen Kingdom Simulator is an anime-inspired battler with powers, quests, and transformations on Roblox."
game_0375,Burning Kingdom Simulator,Mystery,Mobile,0.775,2025-11-16,745,Burning Kingdom Simulator is a social-deduction mystery where you find the culprit before it's you on Roblox.
game_0376,Golden Kingdom Simulator,Comedy,Xbox,0.854,2025-10-09,74,Golden Kingdom Simulator is a lighthearted comedic experience full of silly gags and chaos on Roblox.
game_0377,Shadow Kingdom Simulator,Military,PC,0.833,2021-02-11,1124,"Shadow Kingdom Simulator is a military roleplay of service, vehicles, and squad tactics on Roblox."
game_0378,Turbo Kingdom Simulator,Scary,PC,0.778,2026-05-07,1274,Turbo Kingdom Simulator is a jump-scare driven horror romp through haunted locations on Roblox.
game_0379,Hyper Kingdom Simulator,Simulation,PC,0.596,2024-07-10,15320,"Hyper Kingdom Simulator is a life-sim experience where you build, decorate, and manage your own world on Roblox."
game_0380,Pixel Kingdom Simulator,Adventure,PC,0.659,2020-08-18,332,"Pixel Kingdom Simulator is an open-world adventure packed with quests, treasures, and exploration on Roblox."
game_0381,Mega Frontier Simulator,Horror,PC,0.747,2021-12-24,2641,Mega Frontier Simulator is a tense horror escape where you survive what lurks in the dark on Roblox.
game_0382,Ultra Frontier Simulator,Strategy,PC,0.831,2025-08-18,2376,Ultra Frontier Simulator is a deep strategy title where planning and positioning win the day on Roblox.
game_0383,Epic Frontier Simulator,FPS,Xbox,0.712,2022-04-13,2406,Epic Frontier Simulator is a fast-paced shooter with satisfying gunplay and competitive modes on Roblox.
game_0384,Super Frontier Simulator,RPG,Mobile,0.765,2025-08-10,3878,"Super Frontier Simulator is an RPG with classes, leveling, and loot-driven progression on Roblox."
game_0385,Mystic Frontier Simulator,Fighting,PC,0.935,2025-06-19,6620,"Mystic Frontier Simulator is a combat arena focused on combos, timing, and character mastery on Roblox."
game_0386,Neon Frontier Simulator,Racing,Xbox,0.57,2023-06-30,3708,Neon Frontier Simulator is a racing game with licensed-style vehicles and drift mechanics on Roblox.
game_0387,Cyber Frontier Simulator,Sports,PC,0.557,2023-01-03,1313,"Cyber Frontier Simulator is a sports sim with team play, physics, and ranked seasons on Roblox."
game_0388,Dark Frontier Simulator,Tycoon,PC,0.841,2022-03-04,309,Dark Frontier Simulator is a tycoon builder where you grow a business from scratch to a fortune on Roblox.
game_0389,Royal Frontier Simulator,Obby,Mobile,0.765,2025-08-27,322,Royal Frontier Simulator is a platforming obstacle course testing precision and patience on Roblox.
game_0390,Cosmic Frontier Simulator,Social,PlayStation,0.696,2025-09-06,124,"Cosmic Frontier Simulator is a hangout hub for chatting, roleplay, and mini-games with friends on Roblox."
game_0391,Tiny Frontier Simulator,Sandbox,Xbox,0.563,2022-11-16,8686,Tiny Frontier Simulator is a physics sandbox for building and tinkering with anything on Roblox.
game_0392,Giant Frontier Simulator,Puzzle,PC,0.587,2022-04-10,611,Giant Frontier Simulator is a brain-teasing puzzle game with escalating logic challenges on Roblox.
game_0393,Savage Frontier Simulator,Survival,Mobile,0.665,2025-08-12,18989,"Savage Frontier Simulator is a survival challenge against disasters, hunters, or the elements on Roblox."
game_0394,Frozen Frontier Simulator,Tower Defense,PC,0.686,2022-03-02,2755,Frozen Frontier Simulator is a tower-defense battleground to place units and repel waves on Roblox.
game_0395,Burning Frontier Simulator,Anime,PC,0.588,2025-01-18,647,"Burning Frontier Simulator is an anime-inspired battler with powers, quests, and transformations on Roblox."
game_0396,Golden Frontier Simulator,Mystery,PC,0.561,2025-05-17,1511,Golden Frontier Simulator is a social-deduction mystery where you find the culprit before it's you on Roblox.
game_0397,Shadow Frontier Simulator,Comedy,PC,0.921,2022-11-24,68,Shadow Frontier Simulator is a lighthearted comedic experience full of silly gags and chaos on Roblox.
game_0398,Turbo Frontier Simulator,Military,PC,0.796,2023-10-24,375,"Turbo Frontier Simulator is a military roleplay of service, vehicles, and squad tactics on Roblox."
game_0399,Hyper Frontier Simulator,Scary,PC,0.665,2023-02-27,749,Hyper Frontier Simulator is a jump-scare driven horror romp through haunted locations on Roblox.
game_0400,Pixel Frontier Simulator,Simulation,PC,0.758,2023-03-05,310,"Pixel Frontier Simulator is a life-sim experience where you build, decorate, and manage your own world on Roblox."
game_0401,Mega Saga Simulator,Adventure,PC,0.805,2020-12-22,443,"Mega Saga Simulator is an open-world adventure packed with quests, treasures, and exploration on Roblox."
game_0402,Ultra Saga Simulator,Horror,PC,0.693,2022-02-05,232,Ultra Saga Simulator is a tense horror escape where you survive what lurks in the dark on Roblox.
game_0403,Epic Saga Simulator,Strategy,Mobile,0.735,2022-10-12,3808,Epic Saga Simulator is a deep strategy title where planning and positioning win the day on Roblox.
game_0404,Super Saga Simulator,FPS,Xbox,0.688,2023-03-02,3047,Super Saga Simulator is a fast-paced shooter with satisfying gunplay and competitive modes on Roblox.
game_0405,Mystic Saga Simulator,RPG,PlayStation,0.967,2022-01-25,331,"Mystic Saga Simulator is an RPG with classes, leveling, and loot-driven progression on Roblox."
game_0406,Neon Saga Simulator,Fighting,PC,0.69,2023-10-26,3138,"Neon Saga Simulator is a combat arena focused on combos, timing, and character mastery on Roblox."
game_0407,Cyber Saga Simulator,Racing,PC,0.805,2024-04-17,3773,Cyber Saga Simulator is a racing game with licensed-style vehicles and drift mechanics on Roblox.
game_0408,Dark Saga Simulator,Sports,Mobile,0.955,2021-05-11,3323,"Dark Saga Simulator is a sports sim with team play, physics, and ranked seasons on Roblox."
game_0409,Royal Saga Simulator,Tycoon,PC,0.822,2024-12-21,13048,Royal Saga Simulator is a tycoon builder where you grow a business from scratch to a fortune on Roblox.
game_0410,Cosmic Saga Simulator,Obby,PC,0.582,2022-04-22,5061,Cosmic Saga Simulator is a platforming obstacle course testing precision and patience on Roblox.
game_0411,Tiny Saga Simulator,Social,PlayStation,0.947,2020-11-07,997,"Tiny Saga Simulator is a hangout hub for chatting, roleplay, and mini-games with friends on Roblox."
game_0412,Giant Saga Simulator,Sandbox,Xbox,0.852,2022-07-03,868,Giant Saga Simulator is a physics sandbox for building and tinkering with anything on Roblox.
game_0413,Savage Saga Simulator,Puzzle,Xbox,0.881,2025-04-23,22213,Savage Saga Simulator is a brain-teasing puzzle game with escalating logic challenges on Roblox.
game_0414,Frozen Saga Simulator,Survival,Mobile,0.792,2026-01-14,355,"Frozen Saga Simulator is a survival challenge against disasters, hunters, or the elements on Roblox."
game_0415,Burning Saga Simulator,Tower Defense,Mobile,0.555,2025-05-07,113,Burning Saga Simulator is a tower-defense battleground to place units and repel waves on Roblox.
game_0416,Golden Saga Simulator,Anime,PC,0.742,2024-01-21,1165,"Golden Saga Simulator is an anime-inspired battler with powers, quests, and transformations on Roblox."
game_0417,Shadow Saga Simulator,Mystery,PC,0.615,2020-12-03,6748,Shadow Saga Simulator is a social-deduction mystery where you find the culprit before it's you on Roblox.
game_0418,Turbo Saga Simulator,Comedy,PlayStation,0.6,2025-07-28,1025,Turbo Saga Simulator is a lighthearted comedic experience full of silly gags and chaos on Roblox.
game_0419,Hyper Saga Simulator,Military,PlayStation,0.887,2021-06-05,262,"Hyper Saga Simulator is a military roleplay of service, vehicles, and squad tactics on Roblox."
game_0420,Pixel Saga Simulator,Scary,Mobile,0.687,2021-06-17,691,Pixel Saga Simulator is a jump-scare driven horror romp through haunted locations on Roblox.
game_0421,Mega Tower Simulator,Simulation,PC,0.829,2022-09-08,2870,"Mega Tower Simulator is a life-sim experience where you build, decorate, and manage your own world on Roblox."
game_0422,Ultra Tower Simulator,Adventure,Mobile,0.692,2024-09-27,468,"Ultra Tower Simulator is an open-world adventure packed with quests, treasures, and exploration on Roblox."
game_0423,Epic Tower Simulator,Horror,PC,0.63,2024-06-19,655,Epic Tower Simulator is a tense horror escape where you survive what lurks in the dark on Roblox.
game_0424,Super Tower Simulator,Strategy,Mobile,0.743,2024-04-27,368,Super Tower Simulator is a deep strategy title where planning and positioning win the day on Roblox.
game_0425,Mystic Tower Simulator,FPS,PC,0.798,2025-10-31,140,Mystic Tower Simulator is a fast-paced shooter with satisfying gunplay and competitive modes on Roblox.
game_0426,Neon Tower Simulator,RPG,Xbox,0.747,2024-04-28,1286,"Neon Tower Simulator is an RPG with classes, leveling, and loot-driven progression on Roblox."
game_0427,Cyber Tower Simulator,Fighting,PC,0.807,2023-01-08,9023,"Cyber Tower Simulator is a combat arena focused on combos, timing, and character mastery on Roblox."
game_0428,Dark Tower Simulator,Racing,Mobile,0.815,2021-05-26,1581,Dark Tower Simulator is a racing game with licensed-style vehicles and drift mechanics on Roblox.
game_0429,Royal Tower Simulator,Sports,Xbox,0.839,2025-08-01,2452,"Royal Tower Simulator is a sports sim with team play, physics, and ranked seasons on Roblox."
game_0430,Cosmic Tower Simulator,Tycoon,PC,0.848,2022-05-07,486,Cosmic Tower Simulator is a tycoon builder where you grow a business from scratch to a fortune on Roblox.
game_0431,Tiny Tower Simulator,Obby,Mobile,0.732,2022-03-26,845,Tiny Tower Simulator is a platforming obstacle course testing precision and patience on Roblox.
game_0432,Giant Tower Simulator,Social,Mobile,0.789,2024-08-04,3901,"Giant Tower Simulator is a hangout hub for chatting, roleplay, and mini-games with friends on Roblox."
game_0433,Savage Tower Simulator,Sandbox,Mobile,0.816,2021-06-23,259,Savage Tower Simulator is a physics sandbox for building and tinkering with anything on Roblox.
game_0434,Frozen Tower Simulator,Puzzle,Xbox,0.901,2024-05-06,12165,Frozen Tower Simulator is a brain-teasing puzzle game with escalating logic challenges on Roblox.
game_0435,Burning Tower Simulator,Survival,PlayStation,0.729,2021-01-07,1129,"Burning Tower Simulator is a survival challenge against disasters, hunters, or the elements on Roblox."
game_0436,Golden Tower Simulator,Tower Defense,Xbox,0.892,2026-03-10,1060,Golden Tower Simulator is a tower-defense battleground to place units and repel waves on Roblox.
game_0437,Shadow Tower Simulator,Anime,PC,0.786,2020-12-24,77,"Shadow Tower Simulator is an anime-inspired battler with powers, quests, and transformations on Roblox."
game_0438,Turbo Tower Simulator,Mystery,PC,0.877,2026-01-25,4453,Turbo Tower Simulator is a social-deduction mystery where you find the culprit before it's you on Roblox.
game_0439,Hyper Tower Simulator,Comedy,PC,0.678,2023-10-05,286,Hyper Tower Simulator is a lighthearted comedic experience full of silly gags and chaos on Roblox.
game_0440,Pixel Tower Simulator,Military,PlayStation,0.739,2025-07-23,887,"Pixel Tower Simulator is a military roleplay of service, vehicles, and squad tactics on Roblox."
game_0441,Mega Base Simulator,Scary,PlayStation,0.92,2022-08-08,2955,Mega Base Simulator is a jump-scare driven horror romp through haunted locations on Roblox.
game_0442,Ultra Base Simulator,Simulation,Mobile,0.9,2024-03-20,656,"Ultra Base Simulator is a life-sim experience where you build, decorate, and manage your own world on Roblox."
game_0443,Epic Base Simulator,Adventure,Xbox,0.689,2024-08-24,1654,"Epic Base Simulator is an open-world adventure packed with quests, treasures, and exploration on Roblox."
game_0444,Super Base Simulator,Horror,Mobile,0.974,2020-10-06,498,Super Base Simulator is a tense horror escape where you survive what lurks in the dark on Roblox.
game_0445,Mystic Base Simulator,Strategy,Mobile,0.877,2023-10-05,101,Mystic Base Simulator is a deep strategy title where planning and positioning win the day on Roblox.
game_0446,Neon Base Simulator,FPS,Mobile,0.82,2023-07-10,1024,Neon Base Simulator is a fast-paced shooter with satisfying gunplay and competitive modes on Roblox.
game_0447,Cyber Base Simulator,RPG,PC,0.849,2023-06-01,3774,"Cyber Base Simulator is an RPG with classes, leveling, and loot-driven progression on Roblox."
game_0448,Dark Base Simulator,Fighting,Xbox,0.924,2026-07-04,860,"Dark Base Simulator is a combat arena focused on combos, timing, and character mastery on Roblox."
game_0449,Royal Base Simulator,Racing,Xbox,0.892,2025-10-28,3724,Royal Base Simulator is a racing game with licensed-style vehicles and drift mechanics on Roblox.
game_0450,Cosmic Base Simulator,Sports,PC,0.695,2023-05-10,1073,"Cosmic Base Simulator is a sports sim with team play, physics, and ranked seasons on Roblox."
game_0451,Tiny Base Simulator,Tycoon,Mobile,0.934,2022-09-06,1560,Tiny Base Simulator is a tycoon builder where you grow a business from scratch to a fortune on Roblox.
game_0452,Giant Base Simulator,Obby,Xbox,0.59,2023-06-18,14,Giant Base Simulator is a platforming obstacle course testing precision and patience on Roblox.
game_0453,Savage Base Simulator,Social,PC,0.862,2023-02-09,1687,"Savage Base Simulator is a hangout hub for chatting, roleplay, and mini-games with friends on Roblox."
game_0454,Frozen Base Simulator,Sandbox,Mobile,0.55,2025-06-20,885,Frozen Base Simulator is a physics sandbox for building and tinkering with anything on Roblox.
game_0455,Burning Base Simulator,Puzzle,Mobile,0.554,2021-07-18,298,Burning Base Simulator is a brain-teasing puzzle game with escalating logic challenges on Roblox.
game_0456,Golden Base Simulator,Survival,Mobile,0.648,2025-09-27,857,"Golden Base Simulator is a survival challenge against disasters, hunters, or the elements on Roblox."
game_0457,Shadow Base Simulator,Tower Defense,PC,0.929,2022-05-31,2797,Shadow Base Simulator is a tower-defense battleground to place units and repel waves on Roblox.
game_0458,Turbo Base Simulator,Anime,PC,0.826,2025-01-15,22944,"Turbo Base Simulator is an anime-inspired battler with powers, quests, and transformations on Roblox."
game_0459,Hyper Base Simulator,Mystery,Mobile,0.739,2024-09-10,72,Hyper Base Simulator is a social-deduction mystery where you find the culprit before it's you on Roblox.
game_0460,Pixel Base Simulator,Comedy,Mobile,0.815,2021-12-01,1659,Pixel Base Simulator is a lighthearted comedic experience full of silly gags and chaos on Roblox.
game_0461,Mega Station Simulator,Military,PC,0.701,2022-03-25,355,"Mega Station Simulator is a military roleplay of service, vehicles, and squad tactics on Roblox."
game_0462,Ultra Station Simulator,Scary,PC,0.657,2025-08-03,3172,Ultra Station Simulator is a jump-scare driven horror romp through haunted locations on Roblox.
game_0463,Epic Station Simulator,Simulation,Mobile,0.915,2026-03-27,2563,"Epic Station Simulator is a life-sim experience where you build, decorate, and manage your own world on Roblox."
game_0464,Super Station Simulator,Adventure,Mobile,0.631,2020-10-26,354,"Super Station Simulator is an open-world adventure packed with quests, treasures, and exploration on Roblox."
game_0465,Mystic Station Simulator,Horror,PC,0.763,2023-11-07,7014,Mystic Station Simulator is a tense horror escape where you survive what lurks in the dark on Roblox.
game_0466,Neon Station Simulator,Strategy,PC,0.932,2020-08-11,1093,Neon Station Simulator is a deep strategy title where planning and positioning win the day on Roblox.
game_0467,Cyber Station Simulator,FPS,PC,0.92,2022-03-13,627,Cyber Station Simulator is a fast-paced shooter with satisfying gunplay and competitive modes on Roblox.
game_0468,Dark Station Simulator,RPG,Mobile,0.96,2021-04-02,342,"Dark Station Simulator is an RPG with classes, leveling, and loot-driven progression on Roblox."
game_0469,Royal Station Simulator,Fighting,Xbox,0.88,2020-11-30,1151,"Royal Station Simulator is a combat arena focused on combos, timing, and character mastery on Roblox."
game_0470,Cosmic Station Simulator,Racing,PC,0.669,2024-10-27,519,Cosmic Station Simulator is a racing game with licensed-style vehicles and drift mechanics on Roblox.
game_0471,Tiny Station Simulator,Sports,PC,0.781,2024-10-16,1140,"Tiny Station Simulator is a sports sim with team play, physics, and ranked seasons on Roblox."
game_0472,Giant Station Simulator,Tycoon,PC,0.683,2025-10-17,10174,Giant Station Simulator is a tycoon builder where you grow a business from scratch to a fortune on Roblox.
game_0473,Savage Station Simulator,Obby,PC,0.587,2023-10-17,5623,Savage Station Simulator is a platforming obstacle course testing precision and patience on Roblox.
game_0474,Frozen Station Simulator,Social,PC,0.836,2023-01-25,790,"Frozen Station Simulator is a hangout hub for chatting, roleplay, and mini-games with friends on Roblox."
game_0475,Burning Station Simulator,Sandbox,Mobile,0.887,2020-09-25,1080,Burning Station Simulator is a physics sandbox for building and tinkering with anything on Roblox.
game_0476,Golden Station Simulator,Puzzle,Mobile,0.865,2023-07-10,384,Golden Station Simulator is a brain-teasing puzzle game with escalating logic challenges on Roblox.
game_0477,Shadow Station Simulator,Survival,PC,0.667,2021-09-20,5713,"Shadow Station Simulator is a survival challenge against disasters, hunters, or the elements on Roblox."
game_0478,Turbo Station Simulator,Tower Defense,PC,0.763,2025-09-02,4344,Turbo Station Simulator is a tower-defense battleground to place units and repel waves on Roblox.
game_0479,Hyper Station Simulator,Anime,Mobile,0.935,2025-05-19,370,"Hyper Station Simulator is an anime-inspired battler with powers, quests, and transformations on Roblox."
game_0480,Pixel Station Simulator,Mystery,Mobile,0.95,2024-07-11,10,Pixel Station Simulator is a social-deduction mystery where you find the culprit before it's you on Roblox.
game_0481,Mega Realm Simulator,Comedy,Xbox,0.647,2021-10-31,5920,Mega Realm Simulator is a lighthearted comedic experience full of silly gags and chaos on Roblox.
game_0482,Ultra Realm Simulator,Military,PC,0.796,2025-08-29,5874,"Ultra Realm Simulator is a military roleplay of service, vehicles, and squad tactics on Roblox."
game_0483,Epic Realm Simulator,Scary,PC,0.896,2024-01-12,1812,Epic Realm Simulator is a jump-scare driven horror romp through haunted locations on Roblox.
game_0484,Super Realm Simulator,Simulation,PlayStation,0.691,2023-01-19,959,"Super Realm Simulator is a life-sim experience where you build, decorate, and manage your own world on Roblox."
game_0485,Mystic Realm Simulator,Adventure,Mobile,0.749,2023-10-25,1410,"Mystic Realm Simulator is an open-world adventure packed with quests, treasures, and exploration on Roblox."
game_0486,Neon Realm Simulator,Horror,Mobile,0.865,2024-05-05,1012,Neon Realm Simulator is a tense horror escape where you survive what lurks in the dark on Roblox.
game_0487,Cyber Realm Simulator,Strategy,Mobile,0.56,2021-12-08,2853,Cyber Realm Simulator is a deep strategy title where planning and positioning win the day on Roblox.
game_0488,Dark Realm Simulator,FPS,Mobile,0.959,2026-06-05,3704,Dark Realm Simulator is a fast-paced shooter with satisfying gunplay and competitive modes on Roblox.
game_0489,Royal Realm Simulator,RPG,PC,0.595,2023-02-01,19140,"Royal Realm Simulator is an RPG with classes, leveling, and loot-driven progression on Roblox."
game_0490,Cosmic Realm Simulator,Fighting,Mobile,0.968,2025-11-11,266,"Cosmic Realm Simulator is a combat arena focused on combos, timing, and character mastery on Roblox."
game_0491,Tiny Realm Simulator,Racing,PC,0.936,2023-12-09,582,Tiny Realm Simulator is a racing game with licensed-style vehicles and drift mechanics on Roblox.
game_0492,Giant Realm Simulator,Sports,Mobile,0.8,2025-08-01,2640,"Giant Realm Simulator is a sports sim with team play, physics, and ranked seasons on Roblox."
game_0493,Savage Realm Simulator,Tycoon,Mobile,0.737,2025-11-01,2042,Savage Realm Simulator is a tycoon builder where you grow a business from scratch to a fortune on Roblox.
game_0494,Frozen Realm Simulator,Obby,PlayStation,0.948,2023-01-01,412,Frozen Realm Simulator is a platforming obstacle course testing precision and patience on Roblox.
game_0495,Burning Realm Simulator,Social,PC,0.667,2021-06-16,4239,"Burning Realm Simulator is a hangout hub for chatting, roleplay, and mini-games with friends on Roblox."
game_0496,Golden Realm Simulator,Sandbox,PC,0.617,2025-04-24,26,Golden Realm Simulator is a physics sandbox for building and tinkering with anything on Roblox.
game_0497,Shadow Realm Simulator,Puzzle,PC,0.965,2022-07-08,937,Shadow Realm Simulator is a brain-teasing puzzle game with escalating logic challenges on Roblox.
game_0498,Turbo Realm Simulator,Survival,PC,0.589,2025-03-10,535,"Turbo Realm Simulator is a survival challenge against disasters, hunters, or the elements on Roblox."
game_0499,Hyper Realm Simulator,Tower Defense,Xbox,0.642,2026-01-30,177,Hyper Realm Simulator is a tower-defense battleground to place units and repel waves on Roblox.
game_0500,Pixel Realm Simulator,Anime,Xbox,0.72,2022-07-18,38,"Pixel Realm Simulator is an anime-inspired battler with powers, quests, and transformations on Roblox."
game_0501,Mega World Tycoon,Mystery,PC,0.563,2024-08-01,50,Mega World Tycoon is a social-deduction mystery where you find the culprit before it's you on Roblox.
game_0502,Ultra World Tycoon,Comedy,PC,0.591,2023-09-25,651,Ultra World Tycoon is a lighthearted comedic experience full of silly gags and chaos on Roblox.
game_0503,Epic World Tycoon,Military,PC,0.907,2025-11-04,2746,"Epic World Tycoon is a military roleplay of service, vehicles, and squad tactics on Roblox."
game_0504,Super World Tycoon,Scary,PlayStation,0.8,2025-08-04,424,Super World Tycoon is a jump-scare driven horror romp through haunted locations on Roblox.
game_0505,Mystic World Tycoon,Simulation,PC,0.603,2022-10-25,917,"Mystic World Tycoon is a life-sim experience where you build, decorate, and manage your own world on Roblox."
game_0506,Neon World Tycoon,Adventure,PlayStation,0.563,2020-12-20,563,"Neon World Tycoon is an open-world adventure packed with quests, treasures, and exploration on Roblox."
game_0507,Cyber World Tycoon,Horror,Mobile,0.668,2024-06-08,349,Cyber World Tycoon is a tense horror escape where you survive what lurks in the dark on Roblox.
game_0508,Dark World Tycoon,Strategy,PC,0.828,2023-10-12,90,Dark World Tycoon is a deep strategy title where planning and positioning win the day on Roblox.
game_0509,Royal World Tycoon,FPS,Mobile,0.67,2025-07-20,8240,Royal World Tycoon is a fast-paced shooter with satisfying gunplay and competitive modes on Roblox.
game_0510,Cosmic World Tycoon,RPG,PC,0.975,2026-04-26,1328,"Cosmic World Tycoon is an RPG with classes, leveling, and loot-driven progression on Roblox."
game_0511,Tiny World Tycoon,Fighting,Xbox,0.698,2021-02-05,469,"Tiny World Tycoon is a combat arena focused on combos, timing, and character mastery on Roblox."
game_0512,Giant World Tycoon,Racing,Mobile,0.687,2026-03-30,560,Giant World Tycoon is a racing game with licensed-style vehicles and drift mechanics on Roblox.
game_0513,Savage World Tycoon,Sports,PC,0.969,2023-12-04,1550,"Savage World Tycoon is a sports sim with team play, physics, and ranked seasons on Roblox."
game_0514,Frozen World Tycoon,Tycoon,PC,0.879,2025-11-27,1972,Frozen World Tycoon is a tycoon builder where you grow a business from scratch to a fortune on Roblox.
game_0515,Burning World Tycoon,Obby,PlayStation,0.626,2024-08-02,9,Burning World Tycoon is a platforming obstacle course testing precision and patience on Roblox.
game_0516,Golden World Tycoon,Social,Mobile,0.852,2026-03-21,17670,"Golden World Tycoon is a hangout hub for chatting, roleplay, and mini-games with friends on Roblox."
game_0517,Shadow World Tycoon,Sandbox,PC,0.91,2024-06-03,1361,Shadow World Tycoon is a physics sandbox for building and tinkering with anything on Roblox.
game_0518,Turbo World Tycoon,Puzzle,Xbox,0.761,2024-07-25,18395,Turbo World Tycoon is a brain-teasing puzzle game with escalating logic challenges on Roblox.
game_0519,Hyper World Tycoon,Survival,PC,0.756,2020-08-18,428,"Hyper World Tycoon is a survival challenge against disasters, hunters, or the elements on Roblox."
game_0520,Pixel World Tycoon,Tower Defense,PC,0.858,2022-09-18,5533,Pixel World Tycoon is a tower-defense battleground to place units and repel waves on Roblox.
game_0521,Mega Quest Tycoon,Anime,Xbox,0.614,2026-04-16,4434,"Mega Quest Tycoon is an anime-inspired battler with powers, quests, and transformations on Roblox."
game_0522,Ultra Quest Tycoon,Mystery,Mobile,0.711,2025-09-20,1228,Ultra Quest Tycoon is a social-deduction mystery where you find the culprit before it's you on Roblox.
game_0523,Epic Quest Tycoon,Comedy,PlayStation,0.689,2023-02-24,797,Epic Quest Tycoon is a lighthearted comedic experience full of silly gags and chaos on Roblox.
game_0524,Super Quest Tycoon,Military,PlayStation,0.829,2021-01-26,3403,"Super Quest Tycoon is a military roleplay of service, vehicles, and squad tactics on Roblox."
game_0525,Mystic Quest Tycoon,Scary,PC,0.713,2024-07-26,172,Mystic Quest Tycoon is a jump-scare driven horror romp through haunted locations on Roblox.
game_0526,Neon Quest Tycoon,Simulation,Mobile,0.958,2026-07-07,552,"Neon Quest Tycoon is a life-sim experience where you build, decorate, and manage your own world on Roblox."
game_0527,Cyber Quest Tycoon,Adventure,PlayStation,0.825,2024-01-22,38530,"Cyber Quest Tycoon is an open-world adventure packed with quests, treasures, and exploration on Roblox."
game_0528,Dark Quest Tycoon,Horror,PC,0.652,2025-08-30,1079,Dark Quest Tycoon is a tense horror escape where you survive what lurks in the dark on Roblox.
game_0529,Royal Quest Tycoon,Strategy,PlayStation,0.555,2021-07-11,31842,Royal Quest Tycoon is a deep strategy title where planning and positioning win the day on Roblox.
game_0530,Cosmic Quest Tycoon,FPS,PC,0.86,2025-04-28,2480,Cosmic Quest Tycoon is a fast-paced shooter with satisfying gunplay and competitive modes on Roblox.
game_0531,Tiny Quest Tycoon,RPG,PC,0.93,2024-09-01,818,"Tiny Quest Tycoon is an RPG with classes, leveling, and loot-driven progression on Roblox."
game_0532,Giant Quest Tycoon,Fighting,Mobile,0.906,2025-05-25,526,"Giant Quest Tycoon is a combat arena focused on combos, timing, and character mastery on Roblox."
game_0533,Savage Quest Tycoon,Racing,Xbox,0.62,2024-01-03,2660,Savage Quest Tycoon is a racing game with licensed-style vehicles and drift mechanics on Roblox.
game_0534,Frozen Quest Tycoon,Sports,PC,0.662,2022-12-17,4213,"Frozen Quest Tycoon is a sports sim with team play, physics, and ranked seasons on Roblox."
game_0535,Burning Quest Tycoon,Tycoon,PC,0.865,2024-09-23,22,Burning Quest Tycoon is a tycoon builder where you grow a business from scratch to a fortune on Roblox.
game_0536,Golden Quest Tycoon,Obby,Mobile,0.853,2021-02-13,2138,Golden Quest Tycoon is a platforming obstacle course testing precision and patience on Roblox.
game_0537,Shadow Quest Tycoon,Social,PC,0.618,2021-08-31,3209,"Shadow Quest Tycoon is a hangout hub for chatting, roleplay, and mini-games with friends on Roblox."
game_0538,Turbo Quest Tycoon,Sandbox,PC,0.834,2023-07-24,404,Turbo Quest Tycoon is a physics sandbox for building and tinkering with anything on Roblox.
game_0539,Hyper Quest Tycoon,Puzzle,PC,0.616,2021-01-11,176,Hyper Quest Tycoon is a brain-teasing puzzle game with escalating logic challenges on Roblox.
game_0540,Pixel Quest Tycoon,Survival,PC,0.636,2021-02-23,827,"Pixel Quest Tycoon is a survival challenge against disasters, hunters, or the elements on Roblox."
game_0541,Mega Adventure Tycoon,Tower Defense,PC,0.754,2025-08-13,306,Mega Adventure Tycoon is a tower-defense battleground to place units and repel waves on Roblox.
game_0542,Ultra Adventure Tycoon,Anime,PC,0.589,2023-07-25,4807,"Ultra Adventure Tycoon is an anime-inspired battler with powers, quests, and transformations on Roblox."
game_0543,Epic Adventure Tycoon,Mystery,Mobile,0.739,2023-08-01,574,Epic Adventure Tycoon is a social-deduction mystery where you find the culprit before it's you on Roblox.
game_0544,Super Adventure Tycoon,Comedy,PC,0.873,2024-11-02,9166,Super Adventure Tycoon is a lighthearted comedic experience full of silly gags and chaos on Roblox.
game_0545,Mystic Adventure Tycoon,Military,Mobile,0.967,2021-11-22,193,"Mystic Adventure Tycoon is a military roleplay of service, vehicles, and squad tactics on Roblox."
game_0546,Neon Adventure Tycoon,Scary,Mobile,0.73,2020-09-03,2763,Neon Adventure Tycoon is a jump-scare driven horror romp through haunted locations on Roblox.
game_0547,Cyber Adventure Tycoon,Simulation,Mobile,0.755,2023-11-22,7462,"Cyber Adventure Tycoon is a life-sim experience where you build, decorate, and manage your own world on Roblox."
game_0548,Dark Adventure Tycoon,Adventure,PC,0.602,2024-11-18,1162,"Dark Adventure Tycoon is an open-world adventure packed with quests, treasures, and exploration on Roblox."
game_0549,Royal Adventure Tycoon,Horror,Mobile,0.637,2021-08-26,185,Royal Adventure Tycoon is a tense horror escape where you survive what lurks in the dark on Roblox.
game_0550,Cosmic Adventure Tycoon,Strategy,Xbox,0.942,2022-12-13,100,Cosmic Adventure Tycoon is a deep strategy title where planning and positioning win the day on Roblox.
game_0551,Tiny Adventure Tycoon,FPS,Xbox,0.787,2022-01-29,157,Tiny Adventure Tycoon is a fast-paced shooter with satisfying gunplay and competitive modes on Roblox.
game_0552,Giant Adventure Tycoon,RPG,Xbox,0.888,2026-05-25,2105,"Giant Adventure Tycoon is an RPG with classes, leveling, and loot-driven progression on Roblox."
game_0553,Savage Adventure Tycoon,Fighting,Mobile,0.614,2021-11-20,1220,"Savage Adventure Tycoon is a combat arena focused on combos, timing, and character mastery on Roblox."
game_0554,Frozen Adventure Tycoon,Racing,Mobile,0.927,2022-09-05,39390,Frozen Adventure Tycoon is a racing game with licensed-style vehicles and drift mechanics on Roblox.
game_0555,Burning Adventure Tycoon,Sports,PC,0.566,2021-03-25,2959,"Burning Adventure Tycoon is a sports sim with team play, physics, and ranked seasons on Roblox."
game_0556,Golden Adventure Tycoon,Tycoon,PC,0.567,2022-01-11,90,Golden Adventure Tycoon is a tycoon builder where you grow a business from scratch to a fortune on Roblox.
game_0557,Shadow Adventure Tycoon,Obby,Xbox,0.946,2021-03-16,597,Shadow Adventure Tycoon is a platforming obstacle course testing precision and patience on Roblox.
game_0558,Turbo Adventure Tycoon,Social,Xbox,0.919,2021-01-08,517,"Turbo Adventure Tycoon is a hangout hub for chatting, roleplay, and mini-games with friends on Roblox."
game_0559,Hyper Adventure Tycoon,Sandbox,Mobile,0.666,2022-12-08,129,Hyper Adventure Tycoon is a physics sandbox for building and tinkering with anything on Roblox.
game_0560,Pixel Adventure Tycoon,Puzzle,PC,0.943,2024-03-01,1793,Pixel Adventure Tycoon is a brain-teasing puzzle game with escalating logic challenges on Roblox.
game_0561,Mega Empire Tycoon,Survival,PC,0.903,2022-05-05,1004,"Mega Empire Tycoon is a survival challenge against disasters, hunters, or the elements on Roblox."
game_0562,Ultra Empire Tycoon,Tower Defense,Mobile,0.723,2020-11-07,281,Ultra Empire Tycoon is a tower-defense battleground to place units and repel waves on Roblox.
game_0563,Epic Empire Tycoon,Anime,Xbox,0.633,2024-08-02,1279,"Epic Empire Tycoon is an anime-inspired battler with powers, quests, and transformations on Roblox."
game_0564,Super Empire Tycoon,Mystery,Xbox,0.572,2021-06-01,3760,Super Empire Tycoon is a social-deduction mystery where you find the culprit before it's you on Roblox.
game_0565,Mystic Empire Tycoon,Comedy,PC,0.767,2021-04-30,296,Mystic Empire Tycoon is a lighthearted comedic experience full of silly gags and chaos on Roblox.
game_0566,Neon Empire Tycoon,Military,Mobile,0.963,2024-07-17,462,"Neon Empire Tycoon is a military roleplay of service, vehicles, and squad tactics on Roblox."
game_0567,Cyber Empire Tycoon,Scary,Mobile,0.872,2023-08-20,1359,Cyber Empire Tycoon is a jump-scare driven horror romp through haunted locations on Roblox.
game_0568,Dark Empire Tycoon,Simulation,Mobile,0.917,2024-09-15,419,"Dark Empire Tycoon is a life-sim experience where you build, decorate, and manage your own world on Roblox."
game_0569,Royal Empire Tycoon,Adventure,Xbox,0.841,2024-01-04,400,"Royal Empire Tycoon is an open-world adventure packed with quests, treasures, and exploration on Roblox."
game_0570,Cosmic Empire Tycoon,Horror,PC,0.754,2026-06-08,851,Cosmic Empire Tycoon is a tense horror escape where you survive what lurks in the dark on Roblox.
game_0571,Tiny Empire Tycoon,Strategy,PC,0.856,2023-02-09,158,Tiny Empire Tycoon is a deep strategy title where planning and positioning win the day on Roblox.
game_0572,Giant Empire Tycoon,FPS,Mobile,0.751,2024-02-02,6527,Giant Empire Tycoon is a fast-paced shooter with satisfying gunplay and competitive modes on Roblox.
game_0573,Savage Empire Tycoon,RPG,Mobile,0.553,2025-05-21,4801,"Savage Empire Tycoon is an RPG with classes, leveling, and loot-driven progression on Roblox."
game_0574,Frozen Empire Tycoon,Fighting,PlayStation,0.678,2023-05-14,1661,"Frozen Empire Tycoon is a combat arena focused on combos, timing, and character mastery on Roblox."
game_0575,Burning Empire Tycoon,Racing,PC,0.832,2023-08-10,17786,Burning Empire Tycoon is a racing game with licensed-style vehicles and drift mechanics on Roblox.
game_0576,Golden Empire Tycoon,Sports,PlayStation,0.879,2020-09-25,1830,"Golden Empire Tycoon is a sports sim with team play, physics, and ranked seasons on Roblox."
game_0577,Shadow Empire Tycoon,Tycoon,Xbox,0.86,2024-12-18,2462,Shadow Empire Tycoon is a tycoon builder where you grow a business from scratch to a fortune on Roblox.
game_0578,Turbo Empire Tycoon,Obby,Mobile,0.801,2026-02-20,760,Turbo Empire Tycoon is a platforming obstacle course testing precision and patience on Roblox.
game_0579,Hyper Empire Tycoon,Social,PlayStation,0.845,2024-01-16,4107,"Hyper Empire Tycoon is a hangout hub for chatting, roleplay, and mini-games with friends on Roblox."
game_0580,Pixel Empire Tycoon,Sandbox,Mobile,0.768,2022-07-07,356,Pixel Empire Tycoon is a physics sandbox for building and tinkering with anything on Roblox.
game_0581,Mega Legends Tycoon,Puzzle,Xbox,0.869,2025-02-05,415,Mega Legends Tycoon is a brain-teasing puzzle game with escalating logic challenges on Roblox.
game_0582,Ultra Legends Tycoon,Survival,Mobile,0.831,2022-10-09,7005,"Ultra Legends Tycoon is a survival challenge against disasters, hunters, or the elements on Roblox."
game_0583,Epic Legends Tycoon,Tower Defense,PC,0.662,2022-05-14,159,Epic Legends Tycoon is a tower-defense battleground to place units and repel waves on Roblox.
game_0584,Super Legends Tycoon,Anime,PC,0.753,2025-09-26,6773,"Super Legends Tycoon is an anime-inspired battler with powers, quests, and transformations on Roblox."
game_0585,Mystic Legends Tycoon,Mystery,PC,0.678,2020-08-04,41,Mystic Legends Tycoon is a social-deduction mystery where you find the culprit before it's you on Roblox.
game_0586,Neon Legends Tycoon,Comedy,PC,0.697,2024-04-15,3385,Neon Legends Tycoon is a lighthearted comedic experience full of silly gags and chaos on Roblox.
game_0587,Cyber Legends Tycoon,Military,PlayStation,0.668,2021-06-19,636,"Cyber Legends Tycoon is a military roleplay of service, vehicles, and squad tactics on Roblox."
game_0588,Dark Legends Tycoon,Scary,Xbox,0.606,2025-07-19,971,Dark Legends Tycoon is a jump-scare driven horror romp through haunted locations on Roblox.
game_0589,Royal Legends Tycoon,Simulation,PC,0.715,2021-03-07,781,"Royal Legends Tycoon is a life-sim experience where you build, decorate, and manage your own world on Roblox."
game_0590,Cosmic Legends Tycoon,Adventure,PC,0.934,2026-05-18,294,"Cosmic Legends Tycoon is an open-world adventure packed with quests, treasures, and exploration on Roblox."
game_0591,Tiny Legends Tycoon,Horror,Mobile,0.819,2026-06-28,1195,Tiny Legends Tycoon is a tense horror escape where you survive what lurks in the dark on Roblox.
game_0592,Giant Legends Tycoon,Strategy,PC,0.594,2025-02-01,2465,Giant Legends Tycoon is a deep strategy title where planning and positioning win the day on Roblox.
game_0593,Savage Legends Tycoon,FPS,Mobile,0.678,2026-01-08,620,Savage Legends Tycoon is a fast-paced shooter with satisfying gunplay and competitive modes on Roblox.
game_0594,Frozen Legends Tycoon,RPG,PC,0.736,2022-09-30,5163,"Frozen Legends Tycoon is an RPG with classes, leveling, and loot-driven progression on Roblox."
game_0595,Burning Legends Tycoon,Fighting,Mobile,0.958,2024-09-07,984,"Burning Legends Tycoon is a combat arena focused on combos, timing, and character mastery on Roblox."
game_0596,Golden Legends Tycoon,Racing,Xbox,0.641,2025-01-23,777,Golden Legends Tycoon is a racing game with licensed-style vehicles and drift mechanics on Roblox.
game_0597,Shadow Legends Tycoon,Sports,PC,0.711,2026-02-11,1112,"Shadow Legends Tycoon is a sports sim with team play, physics, and ranked seasons on Roblox."
game_0598,Turbo Legends Tycoon,Tycoon,Mobile,0.835,2025-12-30,7907,Turbo Legends Tycoon is a tycoon builder where you grow a business from scratch to a fortune on Roblox.
game_0599,Hyper Legends Tycoon,Obby,Mobile,0.754,2023-09-13,758,Hyper Legends Tycoon is a platforming obstacle course testing precision and patience on Roblox.
game_0600,Pixel Legends Tycoon,Social,PC,0.731,2023-02-27,4671,"Pixel Legends Tycoon is a hangout hub for chatting, roleplay, and mini-games with friends on Roblox."
game_0601,Mega Arena Tycoon,Sandbox,PC,0.73,2024-12-30,1271,Mega Arena Tycoon is a physics sandbox for building and tinkering with anything on Roblox.
game_0602,Ultra Arena Tycoon,Puzzle,Xbox,0.599,2023-05-14,1191,Ultra Arena Tycoon is a brain-teasing puzzle game with escalating logic challenges on Roblox.
game_0603,Epic Arena Tycoon,Survival,PC,0.908,2023-08-02,390,"Epic Arena Tycoon is a survival challenge against disasters, hunters, or the elements on Roblox."
game_0604,Super Arena Tycoon,Tower Defense,PlayStation,0.567,2024-09-26,566,Super Arena Tycoon is a tower-defense battleground to place units and repel waves on Roblox.
game_0605,Mystic Arena Tycoon,Anime,Mobile,0.958,2024-11-11,17678,"Mystic Arena Tycoon is an anime-inspired battler with powers, quests, and transformations on Roblox."
game_0606,Neon Arena Tycoon,Mystery,Xbox,0.975,2021-05-31,24931,Neon Arena Tycoon is a social-deduction mystery where you find the culprit before it's you on Roblox.
game_0607,Cyber Arena Tycoon,Comedy,PC,0.926,2024-07-29,983,Cyber Arena Tycoon is a lighthearted comedic experience full of silly gags and chaos on Roblox.
game_0608,Dark Arena Tycoon,Military,Xbox,0.868,2021-10-04,334,"Dark Arena Tycoon is a military roleplay of service, vehicles, and squad tactics on Roblox."
game_0609,Royal Arena Tycoon,Scary,PC,0.691,2024-08-15,19341,Royal Arena Tycoon is a jump-scare driven horror romp through haunted locations on Roblox.
game_0610,Cosmic Arena Tycoon,Simulation,Xbox,0.71,2025-06-29,6046,"Cosmic Arena Tycoon is a life-sim experience where you build, decorate, and manage your own world on Roblox."
game_0611,Tiny Arena Tycoon,Adventure,PC,0.667,2021-06-01,187,"Tiny Arena Tycoon is an open-world adventure packed with quests, treasures, and exploration on Roblox."
game_0612,Giant Arena Tycoon,Horror,PC,0.607,2025-04-07,8198,Giant Arena Tycoon is a tense horror escape where you survive what lurks in the dark on Roblox.
game_0613,Savage Arena Tycoon,Strategy,Mobile,0.628,2021-08-15,982,Savage Arena Tycoon is a deep strategy title where planning and positioning win the day on Roblox.
game_0614,Frozen Arena Tycoon,FPS,PC,0.758,2025-01-25,735,Frozen Arena Tycoon is a fast-paced shooter with satisfying gunplay and competitive modes on Roblox.
game_0615,Burning Arena Tycoon,RPG,Mobile,0.662,2025-10-28,7347,"Burning Arena Tycoon is an RPG with classes, leveling, and loot-driven progression on Roblox."
game_0616,Golden Arena Tycoon,Fighting,PC,0.97,2024-01-09,6269,"Golden Arena Tycoon is a combat arena focused on combos, timing, and character mastery on Roblox."
game_0617,Shadow Arena Tycoon,Racing,Mobile,0.736,2025-06-19,432,Shadow Arena Tycoon is a racing game with licensed-style vehicles and drift mechanics on Roblox.
game_0618,Turbo Arena Tycoon,Sports,Mobile,0.614,2022-03-21,946,"Turbo Arena Tycoon is a sports sim with team play, physics, and ranked seasons on Roblox."
game_0619,Hyper Arena Tycoon,Tycoon,Xbox,0.827,2026-05-28,17678,Hyper Arena Tycoon is a tycoon builder where you grow a business from scratch to a fortune on Roblox.
game_0620,Pixel Arena Tycoon,Obby,PC,0.572,2023-06-01,1064,Pixel Arena Tycoon is a platforming obstacle course testing precision and patience on Roblox.
game_0621,Mega Battle Tycoon,Social,PC,0.584,2023-11-25,2120,"Mega Battle Tycoon is a hangout hub for chatting, roleplay, and mini-games with friends on Roblox."
game_0622,Ultra Battle Tycoon,Sandbox,PC,0.742,2020-12-11,1366,Ultra Battle Tycoon is a physics sandbox for building and tinkering with anything on Roblox.
game_0623,Epic Battle Tycoon,Puzzle,PC,0.723,2025-05-20,1074,Epic Battle Tycoon is a brain-teasing puzzle game with escalating logic challenges on Roblox.
game_0624,Super Battle Tycoon,Survival,PC,0.933,2023-02-13,2378,"Super Battle Tycoon is a survival challenge against disasters, hunters, or the elements on Roblox."
game_0625,Mystic Battle Tycoon,Tower Defense,Mobile,0.706,2022-09-17,2393,Mystic Battle Tycoon is a tower-defense battleground to place units and repel waves on Roblox.
game_0626,Neon Battle Tycoon,Anime,PC,0.858,2021-03-25,272,"Neon Battle Tycoon is an anime-inspired battler with powers, quests, and transformations on Roblox."
game_0627,Cyber Battle Tycoon,Mystery,PC,0.551,2024-01-18,949,Cyber Battle Tycoon is a social-deduction mystery where you find the culprit before it's you on Roblox.
game_0628,Dark Battle Tycoon,Comedy,PC,0.711,2020-09-05,6860,Dark Battle Tycoon is a lighthearted comedic experience full of silly gags and chaos on Roblox.
game_0629,Royal Battle Tycoon,Military,PC,0.596,2021-12-11,9378,"Royal Battle Tycoon is a military roleplay of service, vehicles, and squad tactics on Roblox."
game_0630,Cosmic Battle Tycoon,Scary,Mobile,0.858,2024-05-25,638,Cosmic Battle Tycoon is a jump-scare driven horror romp through haunted locations on Roblox.
game_0631,Tiny Battle Tycoon,Simulation,PC,0.882,2025-02-25,44,"Tiny Battle Tycoon is a life-sim experience where you build, decorate, and manage your own world on Roblox."
game_0632,Giant Battle Tycoon,Adventure,PC,0.788,2025-12-28,148,"Giant Battle Tycoon is an open-world adventure packed with quests, treasures, and exploration on Roblox."
game_0633,Savage Battle Tycoon,Horror,PC,0.847,2024-07-19,24084,Savage Battle Tycoon is a tense horror escape where you survive what lurks in the dark on Roblox.
game_0634,Frozen Battle Tycoon,Strategy,PC,0.767,2022-12-04,2879,Frozen Battle Tycoon is a deep strategy title where planning and positioning win the day on Roblox.
game_0635,Burning Battle Tycoon,FPS,PC,0.967,2022-09-09,2955,Burning Battle Tycoon is a fast-paced shooter with satisfying gunplay and competitive modes on Roblox.
game_0636,Golden Battle Tycoon,RPG,PC,0.679,2020-10-15,197,"Golden Battle Tycoon is an RPG with classes, leveling, and loot-driven progression on Roblox."
game_0637,Shadow Battle Tycoon,Fighting,Mobile,0.636,2024-02-05,34074,"Shadow Battle Tycoon is a combat arena focused on combos, timing, and character mastery on Roblox."
game_0638,Turbo Battle Tycoon,Racing,Mobile,0.972,2025-01-17,455,Turbo Battle Tycoon is a racing game with licensed-style vehicles and drift mechanics on Roblox.
game_0639,Hyper Battle Tycoon,Sports,Mobile,0.855,2022-12-02,13846,"Hyper Battle Tycoon is a sports sim with team play, physics, and ranked seasons on Roblox."
game_0640,Pixel Battle Tycoon,Tycoon,Xbox,0.84,2021-11-08,1652,Pixel Battle Tycoon is a tycoon builder where you grow a business from scratch to a fortune on Roblox.
game_0641,Mega Escape Tycoon,Obby,Xbox,0.898,2021-10-18,2343,Mega Escape Tycoon is a platforming obstacle course testing precision and patience on Roblox.
game_0642,Ultra Escape Tycoon,Social,Mobile,0.973,2024-09-23,1966,"Ultra Escape Tycoon is a hangout hub for chatting, roleplay, and mini-games with friends on Roblox."
game_0643,Epic Escape Tycoon,Sandbox,Mobile,0.704,2026-03-04,2923,Epic Escape Tycoon is a physics sandbox for building and tinkering with anything on Roblox.
game_0644,Super Escape Tycoon,Puzzle,PC,0.869,2024-01-08,2928,Super Escape Tycoon is a brain-teasing puzzle game with escalating logic challenges on Roblox.
game_0645,Mystic Escape Tycoon,Survival,Mobile,0.848,2023-04-23,38,"Mystic Escape Tycoon is a survival challenge against disasters, hunters, or the elements on Roblox."
game_0646,Neon Escape Tycoon,Tower Defense,PC,0.965,2023-01-11,628,Neon Escape Tycoon is a tower-defense battleground to place units and repel waves on Roblox.
game_0647,Cyber Escape Tycoon,Anime,PC,0.907,2021-07-26,2538,"Cyber Escape Tycoon is an anime-inspired battler with powers, quests, and transformations on Roblox."
game_0648,Dark Escape Tycoon,Mystery,Xbox,0.884,2024-05-01,5399,Dark Escape Tycoon is a social-deduction mystery where you find the culprit before it's you on Roblox.
game_0649,Royal Escape Tycoon,Comedy,PlayStation,0.63,2025-09-12,551,Royal Escape Tycoon is a lighthearted comedic experience full of silly gags and chaos on Roblox.
game_0650,Cosmic Escape Tycoon,Military,PC,0.67,2021-09-23,1165,"Cosmic Escape Tycoon is a military roleplay of service, vehicles, and squad tactics on Roblox."
game_0651,Tiny Escape Tycoon,Scary,PC,0.761,2023-02-27,20303,Tiny Escape Tycoon is a jump-scare driven horror romp through haunted locations on Roblox.
game_0652,Giant Escape Tycoon,Simulation,Mobile,0.776,2022-12-21,180,"Giant Escape Tycoon is a life-sim experience where you build, decorate, and manage your own world on Roblox."
game_0653,Savage Escape Tycoon,Adventure,PlayStation,0.729,2024-09-30,1428,"Savage Escape Tycoon is an open-world adventure packed with quests, treasures, and exploration on Roblox."
game_0654,Frozen Escape Tycoon,Horror,Mobile,0.835,2024-02-22,260,Frozen Escape Tycoon is a tense horror escape where you survive what lurks in the dark on Roblox.
game_0655,Burning Escape Tycoon,Strategy,PC,0.599,2026-06-08,2034,Burning Escape Tycoon is a deep strategy title where planning and positioning win the day on Roblox.
game_0656,Golden Escape Tycoon,FPS,PC,0.962,2023-10-20,149,Golden Escape Tycoon is a fast-paced shooter with satisfying gunplay and competitive modes on Roblox.
game_0657,Shadow Escape Tycoon,RPG,Mobile,0.561,2023-05-13,8013,"Shadow Escape Tycoon is an RPG with classes, leveling, and loot-driven progression on Roblox."
game_0658,Turbo Escape Tycoon,Fighting,Mobile,0.742,2020-10-30,5057,"Turbo Escape Tycoon is a combat arena focused on combos, timing, and character mastery on Roblox."
game_0659,Hyper Escape Tycoon,Racing,PC,0.585,2020-10-09,4246,Hyper Escape Tycoon is a racing game with licensed-style vehicles and drift mechanics on Roblox.
game_0660,Pixel Escape Tycoon,Sports,PC,0.838,2024-03-03,1400,"Pixel Escape Tycoon is a sports sim with team play, physics, and ranked seasons on Roblox."
game_0661,Mega Factory Tycoon,Tycoon,Xbox,0.638,2025-05-15,6246,Mega Factory Tycoon is a tycoon builder where you grow a business from scratch to a fortune on Roblox.
game_0662,Ultra Factory Tycoon,Obby,Xbox,0.871,2025-09-22,415,Ultra Factory Tycoon is a platforming obstacle course testing precision and patience on Roblox.
game_0663,Epic Factory Tycoon,Social,PC,0.581,2025-07-21,927,"Epic Factory Tycoon is a hangout hub for chatting, roleplay, and mini-games with friends on Roblox."
game_0664,Super Factory Tycoon,Sandbox,PC,0.942,2023-12-25,527,Super Factory Tycoon is a physics sandbox for building and tinkering with anything on Roblox.
game_0665,Mystic Factory Tycoon,Puzzle,PC,0.557,2022-12-27,875,Mystic Factory Tycoon is a brain-teasing puzzle game with escalating logic challenges on Roblox.
game_0666,Neon Factory Tycoon,Survival,Mobile,0.875,2025-10-28,1431,"Neon Factory Tycoon is a survival challenge against disasters, hunters, or the elements on Roblox."
game_0667,Cyber Factory Tycoon,Tower Defense,Mobile,0.596,2020-11-23,1987,Cyber Factory Tycoon is a tower-defense battleground to place units and repel waves on Roblox.
game_0668,Dark Factory Tycoon,Anime,Xbox,0.714,2021-08-17,603,"Dark Factory Tycoon is an anime-inspired battler with powers, quests, and transformations on Roblox."
game_0669,Royal Factory Tycoon,Mystery,Xbox,0.963,2023-03-24,52,Royal Factory Tycoon is a social-deduction mystery where you find the culprit before it's you on Roblox.
game_0670,Cosmic Factory Tycoon,Comedy,PC,0.962,2022-05-08,21844,Cosmic Factory Tycoon is a lighthearted comedic experience full of silly gags and chaos on Roblox.
game_0671,Tiny Factory Tycoon,Military,PC,0.552,2026-01-24,3633,"Tiny Factory Tycoon is a military roleplay of service, vehicles, and squad tactics on Roblox."
game_0672,Giant Factory Tycoon,Scary,Mobile,0.64,2023-02-12,7505,Giant Factory Tycoon is a jump-scare driven horror romp through haunted locations on Roblox.
game_0673,Savage Factory Tycoon,Simulation,Mobile,0.611,2020-10-14,2408,"Savage Factory Tycoon is a life-sim experience where you build, decorate, and manage your own world on Roblox."
game_0674,Frozen Factory Tycoon,Adventure,PC,0.628,2025-04-01,1684,"Frozen Factory Tycoon is an open-world adventure packed with quests, treasures, and exploration on Roblox."
game_0675,Burning Factory Tycoon,Horror,Xbox,0.839,2023-04-11,866,Burning Factory Tycoon is a tense horror escape where you survive what lurks in the dark on Roblox.
game_0676,Golden Factory Tycoon,Strategy,PC,0.704,2022-10-28,151,Golden Factory Tycoon is a deep strategy title where planning and positioning win the day on Roblox.
game_0677,Shadow Factory Tycoon,FPS,Mobile,0.937,2025-10-02,395,Shadow Factory Tycoon is a fast-paced shooter with satisfying gunplay and competitive modes on Roblox.
game_0678,Turbo Factory Tycoon,RPG,PC,0.848,2023-02-08,770,"Turbo Factory Tycoon is an RPG with classes, leveling, and loot-driven progression on Roblox."
game_0679,Hyper Factory Tycoon,Fighting,PC,0.623,2021-09-24,2847,"Hyper Factory Tycoon is a combat arena focused on combos, timing, and character mastery on Roblox."
game_0680,Pixel Factory Tycoon,Racing,PC,0.669,2021-08-23,16721,Pixel Factory Tycoon is a racing game with licensed-style vehicles and drift mechanics on Roblox.
game_0681,Mega Island Tycoon,Sports,PC,0.749,2021-02-25,2292,"Mega Island Tycoon is a sports sim with team play, physics, and ranked seasons on Roblox."
game_0682,Ultra Island Tycoon,Tycoon,PC,0.828,2024-07-25,333,Ultra Island Tycoon is a tycoon builder where you grow a business from scratch to a fortune on Roblox.
game_0683,Epic Island Tycoon,Obby,PC,0.663,2024-05-01,34,Epic Island Tycoon is a platforming obstacle course testing precision and patience on Roblox.
game_0684,Super Island Tycoon,Social,Xbox,0.899,2026-03-09,75,"Super Island Tycoon is a hangout hub for chatting, roleplay, and mini-games with friends on Roblox."
game_0685,Mystic Island Tycoon,Sandbox,Mobile,0.787,2026-02-14,2803,Mystic Island Tycoon is a physics sandbox for building and tinkering with anything on Roblox.
game_0686,Neon Island Tycoon,Puzzle,Mobile,0.933,2024-01-12,3608,Neon Island Tycoon is a brain-teasing puzzle game with escalating logic challenges on Roblox.
game_0687,Cyber Island Tycoon,Survival,Mobile,0.769,2020-11-30,3401,"Cyber Island Tycoon is a survival challenge against disasters, hunters, or the elements on Roblox."
game_0688,Dark Island Tycoon,Tower Defense,PC,0.876,2024-09-03,1116,Dark Island Tycoon is a tower-defense battleground to place units and repel waves on Roblox.
game_0689,Royal Island Tycoon,Anime,PC,0.866,2024-11-23,126,"Royal Island Tycoon is an anime-inspired battler with powers, quests, and transformations on Roblox."
game_0690,Cosmic Island Tycoon,Mystery,Mobile,0.65,2021-01-24,667,Cosmic Island Tycoon is a social-deduction mystery where you find the culprit before it's you on Roblox.
game_0691,Tiny Island Tycoon,Comedy,PC,0.94,2020-09-22,121,Tiny Island Tycoon is a lighthearted comedic experience full of silly gags and chaos on Roblox.
game_0692,Giant Island Tycoon,Military,PC,0.567,2026-01-05,941,"Giant Island Tycoon is a military roleplay of service, vehicles, and squad tactics on Roblox."
game_0693,Savage Island Tycoon,Scary,Mobile,0.799,2023-08-01,1816,Savage Island Tycoon is a jump-scare driven horror romp through haunted locations on Roblox.
game_0694,Frozen Island Tycoon,Simulation,Mobile,0.772,2025-08-30,636,"Frozen Island Tycoon is a life-sim experience where you build, decorate, and manage your own world on Roblox."
game_0695,Burning Island Tycoon,Adventure,PC,0.901,2022-07-30,11062,"Burning Island Tycoon is an open-world adventure packed with quests, treasures, and exploration on Roblox."
game_0696,Golden Island Tycoon,Horror,PC,0.827,2020-10-06,885,Golden Island Tycoon is a tense horror escape where you survive what lurks in the dark on Roblox.
game_0697,Shadow Island Tycoon,Strategy,PC,0.834,2025-03-17,285,Shadow Island Tycoon is a deep strategy title where planning and positioning win the day on Roblox.
game_0698,Turbo Island Tycoon,FPS,PC,0.756,2021-03-01,648,Turbo Island Tycoon is a fast-paced shooter with satisfying gunplay and competitive modes on Roblox.
game_0699,Hyper Island Tycoon,RPG,Mobile,0.569,2023-10-20,2177,"Hyper Island Tycoon is an RPG with classes, leveling, and loot-driven progression on Roblox."
game_0700,Pixel Island Tycoon,Fighting,Mobile,0.933,2026-02-04,89,"Pixel Island Tycoon is a combat arena focused on combos, timing, and character mastery on Roblox."
game_0701,Mega Castle Tycoon,Racing,PC,0.928,2026-04-29,1184,Mega Castle Tycoon is a racing game with licensed-style vehicles and drift mechanics on Roblox.
game_0702,Ultra Castle Tycoon,Sports,Mobile,0.923,2021-04-01,151,"Ultra Castle Tycoon is a sports sim with team play, physics, and ranked seasons on Roblox."
game_0703,Epic Castle Tycoon,Tycoon,PC,0.818,2024-06-30,10633,Epic Castle Tycoon is a tycoon builder where you grow a business from scratch to a fortune on Roblox.
game_0704,Super Castle Tycoon,Obby,Mobile,0.807,2021-06-13,60,Super Castle Tycoon is a platforming obstacle course testing precision and patience on Roblox.
game_0705,Mystic Castle Tycoon,Social,PC,0.637,2026-05-08,746,"Mystic Castle Tycoon is a hangout hub for chatting, roleplay, and mini-games with friends on Roblox."
game_0706,Neon Castle Tycoon,Sandbox,Xbox,0.81,2024-11-09,1119,Neon Castle Tycoon is a physics sandbox for building and tinkering with anything on Roblox.
game_0707,Cyber Castle Tycoon,Puzzle,PC,0.874,2020-11-21,17233,Cyber Castle Tycoon is a brain-teasing puzzle game with escalating logic challenges on Roblox.
game_0708,Dark Castle Tycoon,Survival,PC,0.936,2026-07-10,95194,"Dark Castle Tycoon is a survival challenge against disasters, hunters, or the elements on Roblox."
game_0709,Royal Castle Tycoon,Tower Defense,Xbox,0.926,2022-05-19,2583,Royal Castle Tycoon is a tower-defense battleground to place units and repel waves on Roblox.
game_0710,Cosmic Castle Tycoon,Anime,Mobile,0.89,2021-02-16,46,"Cosmic Castle Tycoon is an anime-inspired battler with powers, quests, and transformations on Roblox."
game_0711,Tiny Castle Tycoon,Mystery,PC,0.733,2025-06-09,2821,Tiny Castle Tycoon is a social-deduction mystery where you find the culprit before it's you on Roblox.
game_0712,Giant Castle Tycoon,Comedy,PC,0.661,2021-12-14,63,Giant Castle Tycoon is a lighthearted comedic experience full of silly gags and chaos on Roblox.
game_0713,Savage Castle Tycoon,Military,PC,0.831,2022-04-30,1247,"Savage Castle Tycoon is a military roleplay of service, vehicles, and squad tactics on Roblox."
game_0714,Frozen Castle Tycoon,Scary,Mobile,0.733,2024-10-19,496,Frozen Castle Tycoon is a jump-scare driven horror romp through haunted locations on Roblox.
game_0715,Burning Castle Tycoon,Simulation,Mobile,0.813,2022-06-08,267,"Burning Castle Tycoon is a life-sim experience where you build, decorate, and manage your own world on Roblox."
game_0716,Golden Castle Tycoon,Adventure,PlayStation,0.627,2021-02-14,770,"Golden Castle Tycoon is an open-world adventure packed with quests, treasures, and exploration on Roblox."
game_0717,Shadow Castle Tycoon,Horror,Mobile,0.883,2022-09-03,22,Shadow Castle Tycoon is a tense horror escape where you survive what lurks in the dark on Roblox.
game_0718,Turbo Castle Tycoon,Strategy,PC,0.593,2024-09-20,282,Turbo Castle Tycoon is a deep strategy title where planning and positioning win the day on Roblox.
game_0719,Hyper Castle Tycoon,FPS,Mobile,0.619,2025-12-13,56560,Hyper Castle Tycoon is a fast-paced shooter with satisfying gunplay and competitive modes on Roblox.
game_0720,Pixel Castle Tycoon,RPG,PlayStation,0.709,2024-01-18,907,"Pixel Castle Tycoon is an RPG with classes, leveling, and loot-driven progression on Roblox."
game_0721,Mega Dungeon Tycoon,Fighting,Mobile,0.856,2023-04-28,496,"Mega Dungeon Tycoon is a combat arena focused on combos, timing, and character mastery on Roblox."
game_0722,Ultra Dungeon Tycoon,Racing,Mobile,0.916,2024-04-09,2178,Ultra Dungeon Tycoon is a racing game with licensed-style vehicles and drift mechanics on Roblox.
game_0723,Epic Dungeon Tycoon,Sports,PlayStation,0.772,2020-10-22,1166,"Epic Dungeon Tycoon is a sports sim with team play, physics, and ranked seasons on Roblox."
game_0724,Super Dungeon Tycoon,Tycoon,PC,0.724,2022-02-07,3592,Super Dungeon Tycoon is a tycoon builder where you grow a business from scratch to a fortune on Roblox.
game_0725,Mystic Dungeon Tycoon,Obby,PC,0.699,2022-08-19,14108,Mystic Dungeon Tycoon is a platforming obstacle course testing precision and patience on Roblox.
game_0726,Neon Dungeon Tycoon,Social,Xbox,0.662,2026-06-25,890,"Neon Dungeon Tycoon is a hangout hub for chatting, roleplay, and mini-games with friends on Roblox."
game_0727,Cyber Dungeon Tycoon,Sandbox,PC,0.792,2022-04-22,2147,Cyber Dungeon Tycoon is a physics sandbox for building and tinkering with anything on Roblox.
game_0728,Dark Dungeon Tycoon,Puzzle,Xbox,0.757,2026-03-24,889,Dark Dungeon Tycoon is a brain-teasing puzzle game with escalating logic challenges on Roblox.
game_0729,Royal Dungeon Tycoon,Survival,PC,0.841,2024-01-24,238,"Royal Dungeon Tycoon is a survival challenge against disasters, hunters, or the elements on Roblox."
game_0730,Cosmic Dungeon Tycoon,Tower Defense,PC,0.657,2023-08-01,1147,Cosmic Dungeon Tycoon is a tower-defense battleground to place units and repel waves on Roblox.
game_0731,Tiny Dungeon Tycoon,Anime,PC,0.788,2025-09-06,15750,"Tiny Dungeon Tycoon is an anime-inspired battler with powers, quests, and transformations on Roblox."
game_0732,Giant Dungeon Tycoon,Mystery,PC,0.629,2023-07-08,570,Giant Dungeon Tycoon is a social-deduction mystery where you find the culprit before it's you on Roblox.
game_0733,Savage Dungeon Tycoon,Comedy,Mobile,0.651,2024-04-18,4714,Savage Dungeon Tycoon is a lighthearted comedic experience full of silly gags and chaos on Roblox.
game_0734,Frozen Dungeon Tycoon,Military,PC,0.91,2023-09-26,475,"Frozen Dungeon Tycoon is a military roleplay of service, vehicles, and squad tactics on Roblox."
game_0735,Burning Dungeon Tycoon,Scary,PC,0.841,2025-08-27,2617,Burning Dungeon Tycoon is a jump-scare driven horror romp through haunted locations on Roblox.
game_0736,Golden Dungeon Tycoon,Simulation,Mobile,0.915,2026-01-22,4126,"Golden Dungeon Tycoon is a life-sim experience where you build, decorate, and manage your own world on Roblox."
game_0737,Shadow Dungeon Tycoon,Adventure,PC,0.761,2023-06-15,12807,"Shadow Dungeon Tycoon is an open-world adventure packed with quests, treasures, and exploration on Roblox."
game_0738,Turbo Dungeon Tycoon,Horror,PlayStation,0.873,2024-01-17,5358,Turbo Dungeon Tycoon is a tense horror escape where you survive what lurks in the dark on Roblox.
game_0739,Hyper Dungeon Tycoon,Strategy,PC,0.766,2026-03-03,1239,Hyper Dungeon Tycoon is a deep strategy title where planning and positioning win the day on Roblox.
game_0740,Pixel Dungeon Tycoon,FPS,PC,0.85,2025-03-08,2038,Pixel Dungeon Tycoon is a fast-paced shooter with satisfying gunplay and competitive modes on Roblox.
game_0741,Mega City Tycoon,RPG,Mobile,0.705,2022-11-20,164,"Mega City Tycoon is an RPG with classes, leveling, and loot-driven progression on Roblox."
game_0742,Ultra City Tycoon,Fighting,Xbox,0.753,2023-07-07,342,"Ultra City Tycoon is a combat arena focused on combos, timing, and character mastery on Roblox."
game_0743,Epic City Tycoon,Racing,Mobile,0.73,2024-03-04,526,Epic City Tycoon is a racing game with licensed-style vehicles and drift mechanics on Roblox.
game_0744,Super City Tycoon,Sports,Mobile,0.627,2021-06-24,591,"Super City Tycoon is a sports sim with team play, physics, and ranked seasons on Roblox."
game_0745,Mystic City Tycoon,Tycoon,PC,0.86,2025-05-31,1436,Mystic City Tycoon is a tycoon builder where you grow a business from scratch to a fortune on Roblox.
game_0746,Neon City Tycoon,Obby,Xbox,0.613,2024-05-02,3156,Neon City Tycoon is a platforming obstacle course testing precision and patience on Roblox.
game_0747,Cyber City Tycoon,Social,PlayStation,0.78,2020-09-26,186,"Cyber City Tycoon is a hangout hub for chatting, roleplay, and mini-games with friends on Roblox."
game_0748,Dark City Tycoon,Sandbox,PC,0.721,2025-12-31,1044,Dark City Tycoon is a physics sandbox for building and tinkering with anything on Roblox.
game_0749,Royal City Tycoon,Puzzle,Mobile,0.87,2021-06-28,921,Royal City Tycoon is a brain-teasing puzzle game with escalating logic challenges on Roblox.
game_0750,Cosmic City Tycoon,Survival,PC,0.698,2023-08-24,461,"Cosmic City Tycoon is a survival challenge against disasters, hunters, or the elements on Roblox."
game_0751,Tiny City Tycoon,Tower Defense,PC,0.798,2024-04-21,306,Tiny City Tycoon is a tower-defense battleground to place units and repel waves on Roblox.
game_0752,Giant City Tycoon,Anime,Mobile,0.703,2023-05-06,182595,"Giant City Tycoon is an anime-inspired battler with powers, quests, and transformations on Roblox."
game_0753,Savage City Tycoon,Mystery,Mobile,0.714,2025-08-27,962,Savage City Tycoon is a social-deduction mystery where you find the culprit before it's you on Roblox.
game_0754,Frozen City Tycoon,Comedy,PC,0.825,2024-08-27,1673,Frozen City Tycoon is a lighthearted comedic experience full of silly gags and chaos on Roblox.
game_0755,Burning City Tycoon,Military,PlayStation,0.915,2021-12-30,630,"Burning City Tycoon is a military roleplay of service, vehicles, and squad tactics on Roblox."
game_0756,Golden City Tycoon,Scary,PC,0.831,2022-12-25,329,Golden City Tycoon is a jump-scare driven horror romp through haunted locations on Roblox.
game_0757,Shadow City Tycoon,Simulation,Mobile,0.886,2021-07-18,1769,"Shadow City Tycoon is a life-sim experience where you build, decorate, and manage your own world on Roblox."
game_0758,Turbo City Tycoon,Adventure,PlayStation,0.728,2021-06-26,4538,"Turbo City Tycoon is an open-world adventure packed with quests, treasures, and exploration on Roblox."
game_0759,Hyper City Tycoon,Horror,PC,0.721,2024-08-30,1995,Hyper City Tycoon is a tense horror escape where you survive what lurks in the dark on Roblox.
game_0760,Pixel City Tycoon,Strategy,PC,0.561,2025-12-06,10676,Pixel City Tycoon is a deep strategy title where planning and positioning win the day on Roblox.
game_0761,Mega Kingdom Tycoon,FPS,PC,0.816,2023-08-04,2424,Mega Kingdom Tycoon is a fast-paced shooter with satisfying gunplay and competitive modes on Roblox.
game_0762,Ultra Kingdom Tycoon,RPG,PC,0.656,2023-12-18,7643,"Ultra Kingdom Tycoon is an RPG with classes, leveling, and loot-driven progression on Roblox."
game_0763,Epic Kingdom Tycoon,Fighting,PC,0.562,2024-08-15,1635,"Epic Kingdom Tycoon is a combat arena focused on combos, timing, and character mastery on Roblox."
game_0764,Super Kingdom Tycoon,Racing,Mobile,0.751,2021-03-12,4749,Super Kingdom Tycoon is a racing game with licensed-style vehicles and drift mechanics on Roblox.
game_0765,Mystic Kingdom Tycoon,Sports,Xbox,0.967,2025-01-07,15427,"Mystic Kingdom Tycoon is a sports sim with team play, physics, and ranked seasons on Roblox."
game_0766,Neon Kingdom Tycoon,Tycoon,Mobile,0.775,2021-08-28,121,Neon Kingdom Tycoon is a tycoon builder where you grow a business from scratch to a fortune on Roblox.
game_0767,Cyber Kingdom Tycoon,Obby,Mobile,0.896,2023-12-27,492,Cyber Kingdom Tycoon is a platforming obstacle course testing precision and patience on Roblox.
game_0768,Dark Kingdom Tycoon,Social,PC,0.555,2023-02-17,666,"Dark Kingdom Tycoon is a hangout hub for chatting, roleplay, and mini-games with friends on Roblox."
game_0769,Royal Kingdom Tycoon,Sandbox,Mobile,0.752,2023-04-27,2492,Royal Kingdom Tycoon is a physics sandbox for building and tinkering with anything on Roblox.
game_0770,Cosmic Kingdom Tycoon,Puzzle,PC,0.893,2021-09-15,1029,Cosmic Kingdom Tycoon is a brain-teasing puzzle game with escalating logic challenges on Roblox.
game_0771,Tiny Kingdom Tycoon,Survival,Mobile,0.727,2024-06-02,6654,"Tiny Kingdom Tycoon is a survival challenge against disasters, hunters, or the elements on Roblox."
game_0772,Giant Kingdom Tycoon,Tower Defense,Mobile,0.906,2022-03-01,776,Giant Kingdom Tycoon is a tower-defense battleground to place units and repel waves on Roblox.
game_0773,Savage Kingdom Tycoon,Anime,PC,0.879,2020-09-27,50,"Savage Kingdom Tycoon is an anime-inspired battler with powers, quests, and transformations on Roblox."
game_0774,Frozen Kingdom Tycoon,Mystery,Xbox,0.829,2023-05-05,15947,Frozen Kingdom Tycoon is a social-deduction mystery where you find the culprit before it's you on Roblox.
game_0775,Burning Kingdom Tycoon,Comedy,Mobile,0.628,2025-10-07,501,Burning Kingdom Tycoon is a lighthearted comedic experience full of silly gags and chaos on Roblox.
game_0776,Golden Kingdom Tycoon,Military,PC,0.851,2023-06-26,2930,"Golden Kingdom Tycoon is a military roleplay of service, vehicles, and squad tactics on Roblox."
game_0777,Shadow Kingdom Tycoon,Scary,Mobile,0.63,2026-04-15,613,Shadow Kingdom Tycoon is a jump-scare driven horror romp through haunted locations on Roblox.
game_0778,Turbo Kingdom Tycoon,Simulation,PC,0.65,2026-06-11,118,"Turbo Kingdom Tycoon is a life-sim experience where you build, decorate, and manage your own world on Roblox."
game_0779,Hyper Kingdom Tycoon,Adventure,PC,0.888,2023-01-15,1067,"Hyper Kingdom Tycoon is an open-world adventure packed with quests, treasures, and exploration on Roblox."
game_0780,Pixel Kingdom Tycoon,Horror,Mobile,0.692,2026-03-07,342,Pixel Kingdom Tycoon is a tense horror escape where you survive what lurks in the dark on Roblox.
game_0781,Mega Frontier Tycoon,Strategy,Xbox,0.628,2021-04-06,2476,Mega Frontier Tycoon is a deep strategy title where planning and positioning win the day on Roblox.
game_0782,Ultra Frontier Tycoon,FPS,Xbox,0.602,2026-05-24,361,Ultra Frontier Tycoon is a fast-paced shooter with satisfying gunplay and competitive modes on Roblox.
game_0783,Epic Frontier Tycoon,RPG,Xbox,0.656,2021-07-26,53,"Epic Frontier Tycoon is an RPG with classes, leveling, and loot-driven progression on Roblox."
game_0784,Super Frontier Tycoon,Fighting,PlayStation,0.774,2025-06-25,48,"Super Frontier Tycoon is a combat arena focused on combos, timing, and character mastery on Roblox."
game_0785,Mystic Frontier Tycoon,Racing,PlayStation,0.953,2023-01-13,867,Mystic Frontier Tycoon is a racing game with licensed-style vehicles and drift mechanics on Roblox.
game_0786,Neon Frontier Tycoon,Sports,PC,0.603,2020-09-10,12760,"Neon Frontier Tycoon is a sports sim with team play, physics, and ranked seasons on Roblox."
game_0787,Cyber Frontier Tycoon,Tycoon,Mobile,0.921,2025-12-13,462,Cyber Frontier Tycoon is a tycoon builder where you grow a business from scratch to a fortune on Roblox.
game_0788,Dark Frontier Tycoon,Obby,PC,0.556,2022-11-23,60,Dark Frontier Tycoon is a platforming obstacle course testing precision and patience on Roblox.
game_0789,Royal Frontier Tycoon,Social,Xbox,0.554,2023-10-23,1611,"Royal Frontier Tycoon is a hangout hub for chatting, roleplay, and mini-games with friends on Roblox."
game_0790,Cosmic Frontier Tycoon,Sandbox,PC,0.71,2024-10-18,4831,Cosmic Frontier Tycoon is a physics sandbox for building and tinkering with anything on Roblox.
game_0791,Tiny Frontier Tycoon,Puzzle,PC,0.576,2025-11-11,121712,Tiny Frontier Tycoon is a brain-teasing puzzle game with escalating logic challenges on Roblox.
game_0792,Giant Frontier Tycoon,Survival,Mobile,0.76,2025-02-14,15521,"Giant Frontier Tycoon is a survival challenge against disasters, hunters, or the elements on Roblox."
game_0793,Savage Frontier Tycoon,Tower Defense,PC,0.896,2022-08-22,1721,Savage Frontier Tycoon is a tower-defense battleground to place units and repel waves on Roblox.
game_0794,Frozen Frontier Tycoon,Anime,PC,0.861,2022-07-08,72,"Frozen Frontier Tycoon is an anime-inspired battler with powers, quests, and transformations on Roblox."
game_0795,Burning Frontier Tycoon,Mystery,PC,0.632,2021-01-14,1562,Burning Frontier Tycoon is a social-deduction mystery where you find the culprit before it's you on Roblox.
game_0796,Golden Frontier Tycoon,Comedy,PC,0.923,2023-06-13,229,Golden Frontier Tycoon is a lighthearted comedic experience full of silly gags and chaos on Roblox.
game_0797,Shadow Frontier Tycoon,Military,Mobile,0.743,2024-10-18,3564,"Shadow Frontier Tycoon is a military roleplay of service, vehicles, and squad tactics on Roblox."
game_0798,Turbo Frontier Tycoon,Scary,Xbox,0.713,2020-11-10,1351,Turbo Frontier Tycoon is a jump-scare driven horror romp through haunted locations on Roblox.
game_0799,Hyper Frontier Tycoon,Simulation,PC,0.833,2025-10-28,2966,"Hyper Frontier Tycoon is a life-sim experience where you build, decorate, and manage your own world on Roblox."
game_0800,Pixel Frontier Tycoon,Adventure,Mobile,0.879,2020-12-15,573,"Pixel Frontier Tycoon is an open-world adventure packed with quests, treasures, and exploration on Roblox."
game_0801,Mega Saga Tycoon,Horror,PC,0.597,2022-12-03,399,Mega Saga Tycoon is a tense horror escape where you survive what lurks in the dark on Roblox.
game_0802,Ultra Saga Tycoon,Strategy,Mobile,0.564,2025-06-05,223,Ultra Saga Tycoon is a deep strategy title where planning and positioning win the day on Roblox.
game_0803,Epic Saga Tycoon,FPS,Mobile,0.571,2023-08-31,602,Epic Saga Tycoon is a fast-paced shooter with satisfying gunplay and competitive modes on Roblox.
game_0804,Super Saga Tycoon,RPG,PC,0.79,2022-06-27,860,"Super Saga Tycoon is an RPG with classes, leveling, and loot-driven progression on Roblox."
game_0805,Mystic Saga Tycoon,Fighting,PlayStation,0.904,2025-11-18,760,"Mystic Saga Tycoon is a combat arena focused on combos, timing, and character mastery on Roblox."
game_0806,Neon Saga Tycoon,Racing,PC,0.633,2024-05-29,4103,Neon Saga Tycoon is a racing game with licensed-style vehicles and drift mechanics on Roblox.
game_0807,Cyber Saga Tycoon,Sports,Mobile,0.871,2021-11-17,42679,"Cyber Saga Tycoon is a sports sim with team play, physics, and ranked seasons on Roblox."
game_0808,Dark Saga Tycoon,Tycoon,Xbox,0.93,2021-09-29,2091,Dark Saga Tycoon is a tycoon builder where you grow a business from scratch to a fortune on Roblox.
game_0809,Royal Saga Tycoon,Obby,PC,0.833,2022-10-01,253,Royal Saga Tycoon is a platforming obstacle course testing precision and patience on Roblox.
game_0810,Cosmic Saga Tycoon,Social,Mobile,0.787,2023-01-01,67869,"Cosmic Saga Tycoon is a hangout hub for chatting, roleplay, and mini-games with friends on Roblox."
game_0811,Tiny Saga Tycoon,Sandbox,PlayStation,0.905,2021-09-15,5490,Tiny Saga Tycoon is a physics sandbox for building and tinkering with anything on Roblox.
game_0812,Giant Saga Tycoon,Puzzle,PC,0.879,2022-04-30,228,Giant Saga Tycoon is a brain-teasing puzzle game with escalating logic challenges on Roblox.
game_0813,Savage Saga Tycoon,Survival,PlayStation,0.973,2026-02-23,863,"Savage Saga Tycoon is a survival challenge against disasters, hunters, or the elements on Roblox."
game_0814,Frozen Saga Tycoon,Tower Defense,Mobile,0.642,2024-01-18,504,Frozen Saga Tycoon is a tower-defense battleground to place units and repel waves on Roblox.
game_0815,Burning Saga Tycoon,Anime,PC,0.591,2024-10-19,1178,"Burning Saga Tycoon is an anime-inspired battler with powers, quests, and transformations on Roblox."
game_0816,Golden Saga Tycoon,Mystery,Mobile,0.65,2023-09-25,303,Golden Saga Tycoon is a social-deduction mystery where you find the culprit before it's you on Roblox.
game_0817,Shadow Saga Tycoon,Comedy,Xbox,0.866,2024-02-05,169,Shadow Saga Tycoon is a lighthearted comedic experience full of silly gags and chaos on Roblox.
game_0818,Turbo Saga Tycoon,Military,Mobile,0.806,2025-06-19,2898,"Turbo Saga Tycoon is a military roleplay of service, vehicles, and squad tactics on Roblox."
game_0819,Hyper Saga Tycoon,Scary,PC,0.885,2025-08-27,4890,Hyper Saga Tycoon is a jump-scare driven horror romp through haunted locations on Roblox.
game_0820,Pixel Saga Tycoon,Simulation,PlayStation,0.729,2021-08-31,24,"Pixel Saga Tycoon is a life-sim experience where you build, decorate, and manage your own world on Roblox."
game_0821,Mega Tower Tycoon,Adventure,Xbox,0.823,2026-05-29,4074,"Mega Tower Tycoon is an open-world adventure packed with quests, treasures, and exploration on Roblox."
game_0822,Ultra Tower Tycoon,Horror,Mobile,0.782,2022-12-15,83,Ultra Tower Tycoon is a tense horror escape where you survive what lurks in the dark on Roblox.
game_0823,Epic Tower Tycoon,Strategy,PC,0.84,2025-12-20,1105,Epic Tower Tycoon is a deep strategy title where planning and positioning win the day on Roblox.
game_0824,Super Tower Tycoon,FPS,PlayStation,0.675,2021-09-09,1376,Super Tower Tycoon is a fast-paced shooter with satisfying gunplay and competitive modes on Roblox.
game_0825,Mystic Tower Tycoon,RPG,PC,0.663,2022-01-21,1347,"Mystic Tower Tycoon is an RPG with classes, leveling, and loot-driven progression on Roblox."
game_0826,Neon Tower Tycoon,Fighting,PC,0.757,2025-01-08,604,"Neon Tower Tycoon is a combat arena focused on combos, timing, and character mastery on Roblox."
game_0827,Cyber Tower Tycoon,Racing,PC,0.656,2020-08-27,560,Cyber Tower Tycoon is a racing game with licensed-style vehicles and drift mechanics on Roblox.
game_0828,Dark Tower Tycoon,Sports,PC,0.598,2025-07-13,3370,"Dark Tower Tycoon is a sports sim with team play, physics, and ranked seasons on Roblox."
game_0829,Royal Tower Tycoon,Tycoon,PC,0.805,2022-09-02,694,Royal Tower Tycoon is a tycoon builder where you grow a business from scratch to a fortune on Roblox.
game_0830,Cosmic Tower Tycoon,Obby,PC,0.947,2026-01-12,910,Cosmic Tower Tycoon is a platforming obstacle course testing precision and patience on Roblox.
game_0831,Tiny Tower Tycoon,Social,PC,0.598,2025-07-28,2003,"Tiny Tower Tycoon is a hangout hub for chatting, roleplay, and mini-games with friends on Roblox."
game_0832,Giant Tower Tycoon,Sandbox,PC,0.693,2026-04-12,157,Giant Tower Tycoon is a physics sandbox for building and tinkering with anything on Roblox.
game_0833,Savage Tower Tycoon,Puzzle,Mobile,0.786,2023-08-20,191,Savage Tower Tycoon is a brain-teasing puzzle game with escalating logic challenges on Roblox.
game_0834,Frozen Tower Tycoon,Survival,Mobile,0.569,2020-08-17,2300,"Frozen Tower Tycoon is a survival challenge against disasters, hunters, or the elements on Roblox."
game_0835,Burning Tower Tycoon,Tower Defense,PC,0.573,2023-06-29,65,Burning Tower Tycoon is a tower-defense battleground to place units and repel waves on Roblox.
game_0836,Golden Tower Tycoon,Anime,Mobile,0.835,2023-06-29,120,"Golden Tower Tycoon is an anime-inspired battler with powers, quests, and transformations on Roblox."
game_0837,Shadow Tower Tycoon,Mystery,Xbox,0.923,2023-04-03,713,Shadow Tower Tycoon is a social-deduction mystery where you find the culprit before it's you on Roblox.
game_0838,Turbo Tower Tycoon,Comedy,Mobile,0.939,2025-06-02,333,Turbo Tower Tycoon is a lighthearted comedic experience full of silly gags and chaos on Roblox.
game_0839,Hyper Tower Tycoon,Military,Mobile,0.765,2024-04-21,1468,"Hyper Tower Tycoon is a military roleplay of service, vehicles, and squad tactics on Roblox."
game_0840,Pixel Tower Tycoon,Scary,PC,0.761,2022-10-17,251,Pixel Tower Tycoon is a jump-scare driven horror romp through haunted locations on Roblox.
game_0841,Mega Base Tycoon,Simulation,Mobile,0.669,2020-11-29,620,"Mega Base Tycoon is a life-sim experience where you build, decorate, and manage your own world on Roblox."
game_0842,Ultra Base Tycoon,Adventure,PC,0.956,2026-03-16,370,"Ultra Base Tycoon is an open-world adventure packed with quests, treasures, and exploration on Roblox."
game_0843,Epic Base Tycoon,Horror,PlayStation,0.832,2022-02-16,349,Epic Base Tycoon is a tense horror escape where you survive what lurks in the dark on Roblox.
game_0844,Super Base Tycoon,Strategy,PC,0.729,2023-12-26,2500,Super Base Tycoon is a deep strategy title where planning and positioning win the day on Roblox.
game_0845,Mystic Base Tycoon,FPS,Mobile,0.743,2022-11-04,817,Mystic Base Tycoon is a fast-paced shooter with satisfying gunplay and competitive modes on Roblox.
game_0846,Neon Base Tycoon,RPG,PC,0.921,2024-04-07,2977,"Neon Base Tycoon is an RPG with classes, leveling, and loot-driven progression on Roblox."
game_0847,Cyber Base Tycoon,Fighting,PC,0.735,2025-01-07,3577,"Cyber Base Tycoon is a combat arena focused on combos, timing, and character mastery on Roblox."
game_0848,Dark Base Tycoon,Racing,Xbox,0.687,2024-10-05,9473,Dark Base Tycoon is a racing game with licensed-style vehicles and drift mechanics on Roblox.
game_0849,Royal Base Tycoon,Sports,Mobile,0.879,2026-03-16,17,"Royal Base Tycoon is a sports sim with team play, physics, and ranked seasons on Roblox."
game_0850,Cosmic Base Tycoon,Tycoon,Xbox,0.871,2021-07-26,734,Cosmic Base Tycoon is a tycoon builder where you grow a business from scratch to a fortune on Roblox.
game_0851,Tiny Base Tycoon,Obby,Xbox,0.885,2024-10-30,4607,Tiny Base Tycoon is a platforming obstacle course testing precision and patience on Roblox.
game_0852,Giant Base Tycoon,Social,PC,0.81,2023-07-17,28,"Giant Base Tycoon is a hangout hub for chatting, roleplay, and mini-games with friends on Roblox."
game_0853,Savage Base Tycoon,Sandbox,Mobile,0.704,2026-03-30,1546,Savage Base Tycoon is a physics sandbox for building and tinkering with anything on Roblox.
game_0854,Frozen Base Tycoon,Puzzle,Mobile,0.856,2021-04-11,963,Frozen Base Tycoon is a brain-teasing puzzle game with escalating logic challenges on Roblox.
game_0855,Burning Base Tycoon,Survival,PC,0.62,2024-12-28,7336,"Burning Base Tycoon is a survival challenge against disasters, hunters, or the elements on Roblox."
game_0856,Golden Base Tycoon,Tower Defense,PC,0.876,2024-04-05,108,Golden Base Tycoon is a tower-defense battleground to place units and repel waves on Roblox.
game_0857,Shadow Base Tycoon,Anime,PC,0.923,2022-11-22,7908,"Shadow Base Tycoon is an anime-inspired battler with powers, quests, and transformations on Roblox."
game_0858,Turbo Base Tycoon,Mystery,Xbox,0.86,2022-04-08,450,Turbo Base Tycoon is a social-deduction mystery where you find the culprit before it's you on Roblox.
game_0859,Hyper Base Tycoon,Comedy,PC,0.826,2020-08-23,18321,Hyper Base Tycoon is a lighthearted comedic experience full of silly gags and chaos on Roblox.
game_0860,Pixel Base Tycoon,Military,Mobile,0.773,2023-10-12,416,"Pixel Base Tycoon is a military roleplay of service, vehicles, and squad tactics on Roblox."
game_0861,Mega Station Tycoon,Scary,PC,0.879,2020-09-29,4719,Mega Station Tycoon is a jump-scare driven horror romp through haunted locations on Roblox.
game_0862,Ultra Station Tycoon,Simulation,PlayStation,0.883,2023-02-13,240,"Ultra Station Tycoon is a life-sim experience where you build, decorate, and manage your own world on Roblox."
game_0863,Epic Station Tycoon,Adventure,PC,0.847,2025-12-03,299,"Epic Station Tycoon is an open-world adventure packed with quests, treasures, and exploration on Roblox."
game_0864,Super Station Tycoon,Horror,Xbox,0.861,2025-07-09,826,Super Station Tycoon is a tense horror escape where you survive what lurks in the dark on Roblox.
game_0865,Mystic Station Tycoon,Strategy,PC,0.689,2021-11-24,2043,Mystic Station Tycoon is a deep strategy title where planning and positioning win the day on Roblox.
game_0866,Neon Station Tycoon,FPS,PC,0.929,2024-04-08,320,Neon Station Tycoon is a fast-paced shooter with satisfying gunplay and competitive modes on Roblox.
game_0867,Cyber Station Tycoon,RPG,PC,0.859,2024-09-11,277,"Cyber Station Tycoon is an RPG with classes, leveling, and loot-driven progression on Roblox."
game_0868,Dark Station Tycoon,Fighting,PC,0.587,2022-06-19,160,"Dark Station Tycoon is a combat arena focused on combos, timing, and character mastery on Roblox."
game_0869,Royal Station Tycoon,Racing,Mobile,0.569,2022-04-08,1581,Royal Station Tycoon is a racing game with licensed-style vehicles and drift mechanics on Roblox.
game_0870,Cosmic Station Tycoon,Sports,PC,0.62,2024-11-07,32,"Cosmic Station Tycoon is a sports sim with team play, physics, and ranked seasons on Roblox."
game_0871,Tiny Station Tycoon,Tycoon,PC,0.674,2021-07-13,155,Tiny Station Tycoon is a tycoon builder where you grow a business from scratch to a fortune on Roblox.
game_0872,Giant Station Tycoon,Obby,PC,0.652,2020-12-31,1075,Giant Station Tycoon is a platforming obstacle course testing precision and patience on Roblox.
game_0873,Savage Station Tycoon,Social,Mobile,0.809,2025-08-23,979,"Savage Station Tycoon is a hangout hub for chatting, roleplay, and mini-games with friends on Roblox."
game_0874,Frozen Station Tycoon,Sandbox,PC,0.571,2024-03-16,4689,Frozen Station Tycoon is a physics sandbox for building and tinkering with anything on Roblox.
game_0875,Burning Station Tycoon,Puzzle,PC,0.837,2026-03-04,1697,Burning Station Tycoon is a brain-teasing puzzle game with escalating logic challenges on Roblox.
game_0876,Golden Station Tycoon,Survival,Xbox,0.619,2024-07-14,131,"Golden Station Tycoon is a survival challenge against disasters, hunters, or the elements on Roblox."
game_0877,Shadow Station Tycoon,Tower Defense,PC,0.966,2024-07-18,4777,Shadow Station Tycoon is a tower-defense battleground to place units and repel waves on Roblox.
game_0878,Turbo Station Tycoon,Anime,Mobile,0.689,2023-03-07,736,"Turbo Station Tycoon is an anime-inspired battler with powers, quests, and transformations on Roblox."
game_0879,Hyper Station Tycoon,Mystery,Xbox,0.676,2025-10-22,41739,Hyper Station Tycoon is a social-deduction mystery where you find the culprit before it's you on Roblox.
game_0880,Pixel Station Tycoon,Comedy,PC,0.728,2020-08-16,2289,Pixel Station Tycoon is a lighthearted comedic experience full of silly gags and chaos on Roblox.
game_0881,Mega Realm Tycoon,Military,PC,0.734,2023-04-25,1196,"Mega Realm Tycoon is a military roleplay of service, vehicles, and squad tactics on Roblox."
game_0882,Ultra Realm Tycoon,Scary,Xbox,0.949,2022-07-26,232,Ultra Realm Tycoon is a jump-scare driven horror romp through haunted locations on Roblox.
game_0883,Epic Realm Tycoon,Simulation,Mobile,0.762,2020-12-14,1057,"Epic Realm Tycoon is a life-sim experience where you build, decorate, and manage your own world on Roblox."
game_0884,Super Realm Tycoon,Adventure,PC,0.551,2024-05-13,3073,"Super Realm Tycoon is an open-world adventure packed with quests, treasures, and exploration on Roblox."
game_0885,Mystic Realm Tycoon,Horror,PC,0.894,2024-03-17,1620,Mystic Realm Tycoon is a tense horror escape where you survive what lurks in the dark on Roblox.
game_0886,Neon Realm Tycoon,Strategy,PlayStation,0.555,2024-02-26,769,Neon Realm Tycoon is a deep strategy title where planning and positioning win the day on Roblox.
game_0887,Cyber Realm Tycoon,FPS,PC,0.679,2023-01-31,62,Cyber Realm Tycoon is a fast-paced shooter with satisfying gunplay and competitive modes on Roblox.
game_0888,Dark Realm Tycoon,RPG,Mobile,0.697,2022-10-18,2507,"Dark Realm Tycoon is an RPG with classes, leveling, and loot-driven progression on Roblox."
game_0889,Royal Realm Tycoon,Fighting,Mobile,0.633,2024-07-25,1522,"Royal Realm Tycoon is a combat arena focused on combos, timing, and character mastery on Roblox."
game_0890,Cosmic Realm Tycoon,Racing,Xbox,0.893,2021-03-19,10149,Cosmic Realm Tycoon is a racing game with licensed-style vehicles and drift mechanics on Roblox.
game_0891,Tiny Realm Tycoon,Sports,Mobile,0.749,2022-10-11,956,"Tiny Realm Tycoon is a sports sim with team play, physics, and ranked seasons on Roblox."
game_0892,Giant Realm Tycoon,Tycoon,Xbox,0.789,2022-12-30,1252,Giant Realm Tycoon is a tycoon builder where you grow a business from scratch to a fortune on Roblox.
game_0893,Savage Realm Tycoon,Obby,PC,0.578,2022-07-27,1507,Savage Realm Tycoon is a platforming obstacle course testing precision and patience on Roblox.
game_0894,Frozen Realm Tycoon,Social,PC,0.819,2022-04-30,4515,"Frozen Realm Tycoon is a hangout hub for chatting, roleplay, and mini-games with friends on Roblox."
game_0895,Burning Realm Tycoon,Sandbox,Xbox,0.922,2025-03-23,1508,Burning Realm Tycoon is a physics sandbox for building and tinkering with anything on Roblox.
game_0896,Golden Realm Tycoon,Puzzle,Mobile,0.667,2026-03-07,2494,Golden Realm Tycoon is a brain-teasing puzzle game with escalating logic challenges on Roblox.
game_0897,Shadow Realm Tycoon,Survival,PC,0.643,2023-02-21,5692,"Shadow Realm Tycoon is a survival challenge against disasters, hunters, or the elements on Roblox."
game_0898,Turbo Realm Tycoon,Tower Defense,PC,0.939,2021-02-14,936,Turbo Realm Tycoon is a tower-defense battleground to place units and repel waves on Roblox.
game_0899,Hyper Realm Tycoon,Anime,PC,0.683,2020-08-30,468,"Hyper Realm Tycoon is an anime-inspired battler with powers, quests, and transformations on Roblox."
game_0900,Pixel Realm Tycoon,Mystery,PC,0.841,2020-09-29,2490,Pixel Realm Tycoon is a social-deduction mystery where you find the culprit before it's you on Roblox.
game_0901,Mega World Obby,Comedy,PC,0.6,2020-09-04,3429,Mega World Obby is a lighthearted comedic experience full of silly gags and chaos on Roblox.
game_0902,Ultra World Obby,Military,PC,0.594,2026-01-07,5069,"Ultra World Obby is a military roleplay of service, vehicles, and squad tactics on Roblox."
game_0903,Epic World Obby,Scary,Xbox,0.688,2024-03-07,7821,Epic World Obby is a jump-scare driven horror romp through haunted locations on Roblox.
game_0904,Super World Obby,Simulation,PC,0.839,2021-08-03,445,"Super World Obby is a life-sim experience where you build, decorate, and manage your own world on Roblox."
game_0905,Mystic World Obby,Adventure,PC,0.594,2020-10-08,379,"Mystic World Obby is an open-world adventure packed with quests, treasures, and exploration on Roblox."
game_0906,Neon World Obby,Horror,Mobile,0.797,2023-05-11,1320,Neon World Obby is a tense horror escape where you survive what lurks in the dark on Roblox.
game_0907,Cyber World Obby,Strategy,PC,0.752,2026-03-18,1233,Cyber World Obby is a deep strategy title where planning and positioning win the day on Roblox.
game_0908,Dark World Obby,FPS,Mobile,0.815,2021-07-14,857,Dark World Obby is a fast-paced shooter with satisfying gunplay and competitive modes on Roblox.
game_0909,Royal World Obby,RPG,PC,0.969,2025-08-27,22809,"Royal World Obby is an RPG with classes, leveling, and loot-driven progression on Roblox."
game_0910,Cosmic World Obby,Fighting,Mobile,0.592,2021-04-13,983,"Cosmic World Obby is a combat arena focused on combos, timing, and character mastery on Roblox."
game_0911,Tiny World Obby,Racing,PC,0.65,2021-04-04,5988,Tiny World Obby is a racing game with licensed-style vehicles and drift mechanics on Roblox.
game_0912,Giant World Obby,Sports,PC,0.719,2022-06-17,14581,"Giant World Obby is a sports sim with team play, physics, and ranked seasons on Roblox."
game_0913,Savage World Obby,Tycoon,Mobile,0.745,2022-11-22,9381,Savage World Obby is a tycoon builder where you grow a business from scratch to a fortune on Roblox.
game_0914,Frozen World Obby,Obby,PC,0.914,2021-05-12,987,Frozen World Obby is a platforming obstacle course testing precision and patience on Roblox.
game_0915,Burning World Obby,Social,PC,0.594,2020-11-02,412,"Burning World Obby is a hangout hub for chatting, roleplay, and mini-games with friends on Roblox."
game_0916,Golden World Obby,Sandbox,Xbox,0.891,2025-09-27,3671,Golden World Obby is a physics sandbox for building and tinkering with anything on Roblox.
game_0917,Shadow World Obby,Puzzle,Mobile,0.786,2023-10-20,689,Shadow World Obby is a brain-teasing puzzle game with escalating logic challenges on Roblox.
game_0918,Turbo World Obby,Survival,PlayStation,0.887,2021-09-13,676,"Turbo World Obby is a survival challenge against disasters, hunters, or the elements on Roblox."
game_0919,Hyper World Obby,Tower Defense,PC,0.624,2023-11-20,6195,Hyper World Obby is a tower-defense battleground to place units and repel waves on Roblox.
game_0920,Pixel World Obby,Anime,Mobile,0.599,2021-01-28,10728,"Pixel World Obby is an anime-inspired battler with powers, quests, and transformations on Roblox."
game_0921,Mega Quest Obby,Mystery,Mobile,0.626,2021-07-17,644,Mega Quest Obby is a social-deduction mystery where you find the culprit before it's you on Roblox.
game_0922,Ultra Quest Obby,Comedy,PlayStation,0.691,2022-04-14,47578,Ultra Quest Obby is a lighthearted comedic experience full of silly gags and chaos on Roblox.
game_0923,Epic Quest Obby,Military,Mobile,0.932,2024-12-22,235,"Epic Quest Obby is a military roleplay of service, vehicles, and squad tactics on Roblox."
game_0924,Super Quest Obby,Scary,Xbox,0.718,2023-04-08,350,Super Quest Obby is a jump-scare driven horror romp through haunted locations on Roblox.
game_0925,Mystic Quest Obby,Simulation,Mobile,0.679,2022-12-26,79,"Mystic Quest Obby is a life-sim experience where you build, decorate, and manage your own world on Roblox."
game_0926,Neon Quest Obby,Adventure,Xbox,0.724,2020-10-23,1967,"Neon Quest Obby is an open-world adventure packed with quests, treasures, and exploration on Roblox."
game_0927,Cyber Quest Obby,Horror,PC,0.55,2025-12-09,447,Cyber Quest Obby is a tense horror escape where you survive what lurks in the dark on Roblox.
game_0928,Dark Quest Obby,Strategy,Mobile,0.856,2022-12-19,694,Dark Quest Obby is a deep strategy title where planning and positioning win the day on Roblox.
game_0929,Royal Quest Obby,FPS,PC,0.754,2024-08-03,875,Royal Quest Obby is a fast-paced shooter with satisfying gunplay and competitive modes on Roblox.
game_0930,Cosmic Quest Obby,RPG,PC,0.616,2021-11-09,16,"Cosmic Quest Obby is an RPG with classes, leveling, and loot-driven progression on Roblox."
game_0931,Tiny Quest Obby,Fighting,PlayStation,0.829,2025-09-24,1880,"Tiny Quest Obby is a combat arena focused on combos, timing, and character mastery on Roblox."
game_0932,Giant Quest Obby,Racing,PC,0.586,2025-01-04,24062,Giant Quest Obby is a racing game with licensed-style vehicles and drift mechanics on Roblox.
game_0933,Savage Quest Obby,Sports,Mobile,0.818,2021-10-05,717,"Savage Quest Obby is a sports sim with team play, physics, and ranked seasons on Roblox."
game_0934,Frozen Quest Obby,Tycoon,PC,0.703,2022-03-22,344,Frozen Quest Obby is a tycoon builder where you grow a business from scratch to a fortune on Roblox.
game_0935,Burning Quest Obby,Obby,PC,0.856,2023-11-18,2164,Burning Quest Obby is a platforming obstacle course testing precision and patience on Roblox.
game_0936,Golden Quest Obby,Social,PC,0.971,2026-02-27,17391,"Golden Quest Obby is a hangout hub for chatting, roleplay, and mini-games with friends on Roblox."
game_0937,Shadow Quest Obby,Sandbox,Mobile,0.964,2021-02-18,2067,Shadow Quest Obby is a physics sandbox for building and tinkering with anything on Roblox.
game_0938,Turbo Quest Obby,Puzzle,PC,0.75,2023-05-27,4163,Turbo Quest Obby is a brain-teasing puzzle game with escalating logic challenges on Roblox.
game_0939,Hyper Quest Obby,Survival,PC,0.844,2025-08-29,818,"Hyper Quest Obby is a survival challenge against disasters, hunters, or the elements on Roblox."
game_0940,Pixel Quest Obby,Tower Defense,Mobile,0.78,2022-09-06,1929,Pixel Quest Obby is a tower-defense battleground to place units and repel waves on Roblox.
game_0941,Mega Adventure Obby,Anime,PC,0.731,2022-10-26,286,"Mega Adventure Obby is an anime-inspired battler with powers, quests, and transformations on Roblox."
game_0942,Ultra Adventure Obby,Mystery,PlayStation,0.849,2026-02-20,3469,Ultra Adventure Obby is a social-deduction mystery where you find the culprit before it's you on Roblox.
game_0943,Epic Adventure Obby,Comedy,Mobile,0.576,2023-08-13,89,Epic Adventure Obby is a lighthearted comedic experience full of silly gags and chaos on Roblox.
game_0944,Super Adventure Obby,Military,Mobile,0.605,2025-08-11,1769,"Super Adventure Obby is a military roleplay of service, vehicles, and squad tactics on Roblox."
game_0945,Mystic Adventure Obby,Scary,PC,0.668,2023-05-21,3106,Mystic Adventure Obby is a jump-scare driven horror romp through haunted locations on Roblox.
game_0946,Neon Adventure Obby,Simulation,PC,0.833,2024-11-02,5841,"Neon Adventure Obby is a life-sim experience where you build, decorate, and manage your own world on Roblox."
game_0947,Cyber Adventure Obby,Adventure,PC,0.921,2020-08-14,453,"Cyber Adventure Obby is an open-world adventure packed with quests, treasures, and exploration on Roblox."
game_0948,Dark Adventure Obby,Horror,PC,0.652,2022-03-28,193,Dark Adventure Obby is a tense horror escape where you survive what lurks in the dark on Roblox.
game_0949,Royal Adventure Obby,Strategy,PC,0.573,2022-08-31,1769,Royal Adventure Obby is a deep strategy title where planning and positioning win the day on Roblox.
game_0950,Cosmic Adventure Obby,FPS,PC,0.871,2021-03-12,908,Cosmic Adventure Obby is a fast-paced shooter with satisfying gunplay and competitive modes on Roblox.
game_0951,Tiny Adventure Obby,RPG,Mobile,0.754,2022-02-28,1266,"Tiny Adventure Obby is an RPG with classes, leveling, and loot-driven progression on Roblox."
game_0952,Giant Adventure Obby,Fighting,PC,0.964,2022-12-29,9205,"Giant Adventure Obby is a combat arena focused on combos, timing, and character mastery on Roblox."
game_0953,Savage Adventure Obby,Racing,Mobile,0.694,2023-06-24,111,Savage Adventure Obby is a racing game with licensed-style vehicles and drift mechanics on Roblox.
game_0954,Frozen Adventure Obby,Sports,PC,0.748,2022-02-23,45,"Frozen Adventure Obby is a sports sim with team play, physics, and ranked seasons on Roblox."
game_0955,Burning Adventure Obby,Tycoon,Mobile,0.774,2024-05-07,126,Burning Adventure Obby is a tycoon builder where you grow a business from scratch to a fortune on Roblox.
game_0956,Golden Adventure Obby,Obby,Mobile,0.595,2020-08-23,146,Golden Adventure Obby is a platforming obstacle course testing precision and patience on Roblox.
game_0957,Shadow Adventure Obby,Social,PC,0.565,2024-05-15,374,"Shadow Adventure Obby is a hangout hub for chatting, roleplay, and mini-games with friends on Roblox."
game_0958,Turbo Adventure Obby,Sandbox,Mobile,0.959,2024-02-07,54,Turbo Adventure Obby is a physics sandbox for building and tinkering with anything on Roblox.
game_0959,Hyper Adventure Obby,Puzzle,Mobile,0.712,2025-01-28,2098,Hyper Adventure Obby is a brain-teasing puzzle game with escalating logic challenges on Roblox.
game_0960,Pixel Adventure Obby,Survival,Xbox,0.935,2024-06-18,8629,"Pixel Adventure Obby is a survival challenge against disasters, hunters, or the elements on Roblox."
game_0961,Mega Empire Obby,Tower Defense,Mobile,0.825,2025-09-07,307,Mega Empire Obby is a tower-defense battleground to place units and repel waves on Roblox.
game_0962,Ultra Empire Obby,Anime,PlayStation,0.661,2022-11-28,375,"Ultra Empire Obby is an anime-inspired battler with powers, quests, and transformations on Roblox."
game_0963,Epic Empire Obby,Mystery,Xbox,0.693,2022-03-06,571,Epic Empire Obby is a social-deduction mystery where you find the culprit before it's you on Roblox.
game_0964,Super Empire Obby,Comedy,PC,0.58,2021-08-05,6006,Super Empire Obby is a lighthearted comedic experience full of silly gags and chaos on Roblox.
game_0965,Mystic Empire Obby,Military,PlayStation,0.597,2021-01-06,283,"Mystic Empire Obby is a military roleplay of service, vehicles, and squad tactics on Roblox."
game_0966,Neon Empire Obby,Scary,Mobile,0.942,2025-05-05,672,Neon Empire Obby is a jump-scare driven horror romp through haunted locations on Roblox.
game_0967,Cyber Empire Obby,Simulation,Mobile,0.558,2021-07-14,1424,"Cyber Empire Obby is a life-sim experience where you build, decorate, and manage your own world on Roblox."
game_0968,Dark Empire Obby,Adventure,Mobile,0.851,2024-11-01,136,"Dark Empire Obby is an open-world adventure packed with quests, treasures, and exploration on Roblox."
game_0969,Royal Empire Obby,Horror,Xbox,0.756,2021-01-12,1673,Royal Empire Obby is a tense horror escape where you survive what lurks in the dark on Roblox.
game_0970,Cosmic Empire Obby,Strategy,PC,0.782,2025-09-30,30648,Cosmic Empire Obby is a deep strategy title where planning and positioning win the day on Roblox.
game_0971,Tiny Empire Obby,FPS,PC,0.693,2022-07-05,978,Tiny Empire Obby is a fast-paced shooter with satisfying gunplay and competitive modes on Roblox.
game_0972,Giant Empire Obby,RPG,PC,0.585,2022-09-21,2071,"Giant Empire Obby is an RPG with classes, leveling, and loot-driven progression on Roblox."
game_0973,Savage Empire Obby,Fighting,PC,0.788,2024-07-21,8751,"Savage Empire Obby is a combat arena focused on combos, timing, and character mastery on Roblox."
game_0974,Frozen Empire Obby,Racing,PlayStation,0.935,2022-02-28,2057,Frozen Empire Obby is a racing game with licensed-style vehicles and drift mechanics on Roblox.
game_0975,Burning Empire Obby,Sports,Mobile,0.866,2021-08-16,719,"Burning Empire Obby is a sports sim with team play, physics, and ranked seasons on Roblox."
game_0976,Golden Empire Obby,Tycoon,PC,0.76,2023-11-11,54,Golden Empire Obby is a tycoon builder where you grow a business from scratch to a fortune on Roblox.
game_0977,Shadow Empire Obby,Obby,PC,0.966,2021-06-30,1287,Shadow Empire Obby is a platforming obstacle course testing precision and patience on Roblox.
game_0978,Turbo Empire Obby,Social,PC,0.724,2026-01-20,563,"Turbo Empire Obby is a hangout hub for chatting, roleplay, and mini-games with friends on Roblox."
game_0979,Hyper Empire Obby,Sandbox,PC,0.869,2024-11-11,2658,Hyper Empire Obby is a physics sandbox for building and tinkering with anything on Roblox.
game_0980,Pixel Empire Obby,Puzzle,PC,0.654,2026-01-08,1063,Pixel Empire Obby is a brain-teasing puzzle game with escalating logic challenges on Roblox.
game_0981,Mega Legends Obby,Survival,Mobile,0.902,2025-10-26,63,"Mega Legends Obby is a survival challenge against disasters, hunters, or the elements on Roblox."
game_0982,Ultra Legends Obby,Tower Defense,PC,0.577,2024-01-23,1054,Ultra Legends Obby is a tower-defense battleground to place units and repel waves on Roblox.
game_0983,Epic Legends Obby,Anime,PC,0.689,2022-01-10,72,"Epic Legends Obby is an anime-inspired battler with powers, quests, and transformations on Roblox."
game_0984,Super Legends Obby,Mystery,PlayStation,0.879,2024-02-22,1396,Super Legends Obby is a social-deduction mystery where you find the culprit before it's you on Roblox.
game_0985,Mystic Legends Obby,Comedy,Mobile,0.876,2024-12-13,656,Mystic Legends Obby is a lighthearted comedic experience full of silly gags and chaos on Roblox.
game_0986,Neon Legends Obby,Military,PC,0.948,2023-10-21,715,"Neon Legends Obby is a military roleplay of service, vehicles, and squad tactics on Roblox."
game_0987,Cyber Legends Obby,Scary,PC,0.928,2026-05-11,4394,Cyber Legends Obby is a jump-scare driven horror romp through haunted locations on Roblox.
game_0988,Dark Legends Obby,Simulation,PC,0.729,2023-05-09,4432,"Dark Legends Obby is a life-sim experience where you build, decorate, and manage your own world on Roblox."
game_0989,Royal Legends Obby,Adventure,Xbox,0.612,2024-03-22,12479,"Royal Legends Obby is an open-world adventure packed with quests, treasures, and exploration on Roblox."
game_0990,Cosmic Legends Obby,Horror,PC,0.813,2024-07-30,917,Cosmic Legends Obby is a tense horror escape where you survive what lurks in the dark on Roblox.
game_0991,Tiny Legends Obby,Strategy,PC,0.82,2025-07-19,189,Tiny Legends Obby is a deep strategy title where planning and positioning win the day on Roblox.
game_0992,Giant Legends Obby,FPS,Xbox,0.816,2025-06-18,481,Giant Legends Obby is a fast-paced shooter with satisfying gunplay and competitive modes on Roblox.
game_0993,Savage Legends Obby,RPG,Xbox,0.669,2024-03-14,843,"Savage Legends Obby is an RPG with classes, leveling, and loot-driven progression on Roblox."
game_0994,Frozen Legends Obby,Fighting,PC,0.764,2021-03-19,14568,"Frozen Legends Obby is a combat arena focused on combos, timing, and character mastery on Roblox."
game_0995,Burning Legends Obby,Racing,PC,0.694,2023-09-19,684,Burning Legends Obby is a racing game with licensed-style vehicles and drift mechanics on Roblox.
game_0996,Golden Legends Obby,Sports,Xbox,0.86,2023-11-24,1046,"Golden Legends Obby is a sports sim with team play, physics, and ranked seasons on Roblox."
game_0997,Shadow Legends Obby,Tycoon,Mobile,0.649,2022-11-18,604,Shadow Legends Obby is a tycoon builder where you grow a business from scratch to a fortune on Roblox.
game_0998,Turbo Legends Obby,Obby,PC,0.924,2021-11-28,411,Turbo Legends Obby is a platforming obstacle course testing precision and patience on Roblox.
game_0999,Hyper Legends Obby,Social,PC,0.573,2021-02-06,257,"Hyper Legends Obby is a hangout hub for chatting, roleplay, and mini-games with friends on Roblox."
game_1000,Pixel Legends Obby,Sandbox,PC,0.717,2024-07-15,149,Pixel Legends Obby is a physics sandbox for building and tinkering with anything on Roblox.
game_1001,Mega Arena Obby,Puzzle,PC,0.637,2023-07-06,5651,Mega Arena Obby is a brain-teasing puzzle game with escalating logic challenges on Roblox.
game_1002,Ultra Arena Obby,Survival,PC,0.598,2025-01-01,1921,"Ultra Arena Obby is a survival challenge against disasters, hunters, or the elements on Roblox."
game_1003,Epic Arena Obby,Tower Defense,Mobile,0.931,2024-01-26,429,Epic Arena Obby is a tower-defense battleground to place units and repel waves on Roblox.
game_1004,Super Arena Obby,Anime,Mobile,0.799,2024-08-17,9852,"Super Arena Obby is an anime-inspired battler with powers, quests, and transformations on Roblox."
game_1005,Mystic Arena Obby,Mystery,Mobile,0.76,2020-09-06,310,Mystic Arena Obby is a social-deduction mystery where you find the culprit before it's you on Roblox.
game_1006,Neon Arena Obby,Comedy,PlayStation,0.556,2023-05-28,5125,Neon Arena Obby is a lighthearted comedic experience full of silly gags and chaos on Roblox.
game_1007,Cyber Arena Obby,Military,PC,0.799,2021-08-31,4271,"Cyber Arena Obby is a military roleplay of service, vehicles, and squad tactics on Roblox."
game_1008,Dark Arena Obby,Scary,Xbox,0.73,2026-06-24,1474,Dark Arena Obby is a jump-scare driven horror romp through haunted locations on Roblox.
game_1009,Royal Arena Obby,Simulation,PC,0.756,2022-02-10,1118,"Royal Arena Obby is a life-sim experience where you build, decorate, and manage your own world on Roblox."
game_1010,Cosmic Arena Obby,Adventure,Xbox,0.586,2023-11-02,5489,"Cosmic Arena Obby is an open-world adventure packed with quests, treasures, and exploration on Roblox."
game_1011,Tiny Arena Obby,Horror,Mobile,0.607,2024-02-03,2679,Tiny Arena Obby is a tense horror escape where you survive what lurks in the dark on Roblox.
game_1012,Giant Arena Obby,Strategy,PC,0.838,2021-02-25,1712,Giant Arena Obby is a deep strategy title where planning and positioning win the day on Roblox.
game_1013,Savage Arena Obby,FPS,PC,0.97,2026-04-06,845,Savage Arena Obby is a fast-paced shooter with satisfying gunplay and competitive modes on Roblox.
game_1014,Frozen Arena Obby,RPG,Mobile,0.89,2024-06-17,38,"Frozen Arena Obby is an RPG with classes, leveling, and loot-driven progression on Roblox."
game_1015,Burning Arena Obby,Fighting,PC,0.715,2025-09-28,839,"Burning Arena Obby is a combat arena focused on combos, timing, and character mastery on Roblox."
game_1016,Golden Arena Obby,Racing,Mobile,0.85,2023-07-05,1237,Golden Arena Obby is a racing game with licensed-style vehicles and drift mechanics on Roblox.
game_1017,Shadow Arena Obby,Sports,Mobile,0.817,2025-08-17,1422,"Shadow Arena Obby is a sports sim with team play, physics, and ranked seasons on Roblox."
game_1018,Turbo Arena Obby,Tycoon,PC,0.932,2022-06-15,12644,Turbo Arena Obby is a tycoon builder where you grow a business from scratch to a fortune on Roblox.
game_1019,Hyper Arena Obby,Obby,PC,0.708,2022-06-08,416,Hyper Arena Obby is a platforming obstacle course testing precision and patience on Roblox.
game_1020,Pixel Arena Obby,Social,Mobile,0.61,2024-03-28,3945,"Pixel Arena Obby is a hangout hub for chatting, roleplay, and mini-games with friends on Roblox."
game_1021,Mega Battle Obby,Sandbox,PC,0.874,2024-03-07,1495,Mega Battle Obby is a physics sandbox for building and tinkering with anything on Roblox.
game_1022,Ultra Battle Obby,Puzzle,Xbox,0.842,2020-11-20,8,Ultra Battle Obby is a brain-teasing puzzle game with escalating logic challenges on Roblox.
game_1023,Epic Battle Obby,Survival,PC,0.766,2021-01-30,175,"Epic Battle Obby is a survival challenge against disasters, hunters, or the elements on Roblox."
game_1024,Super Battle Obby,Tower Defense,Xbox,0.744,2023-04-04,920,Super Battle Obby is a tower-defense battleground to place units and repel waves on Roblox.
game_1025,Mystic Battle Obby,Anime,PC,0.631,2025-10-19,5170,"Mystic Battle Obby is an anime-inspired battler with powers, quests, and transformations on Roblox."
game_1026,Neon Battle Obby,Mystery,Xbox,0.674,2024-07-12,170,Neon Battle Obby is a social-deduction mystery where you find the culprit before it's you on Roblox.
game_1027,Cyber Battle Obby,Comedy,PlayStation,0.763,2024-11-15,249,Cyber Battle Obby is a lighthearted comedic experience full of silly gags and chaos on Roblox.
game_1028,Dark Battle Obby,Military,Xbox,0.729,2023-04-01,1277,"Dark Battle Obby is a military roleplay of service, vehicles, and squad tactics on Roblox."
game_1029,Royal Battle Obby,Scary,Mobile,0.741,2021-10-28,10430,Royal Battle Obby is a jump-scare driven horror romp through haunted locations on Roblox.
game_1030,Cosmic Battle Obby,Simulation,Mobile,0.909,2023-12-06,595,"Cosmic Battle Obby is a life-sim experience where you build, decorate, and manage your own world on Roblox."
game_1031,Tiny Battle Obby,Adventure,Mobile,0.759,2022-11-16,376,"Tiny Battle Obby is an open-world adventure packed with quests, treasures, and exploration on Roblox."
game_1032,Giant Battle Obby,Horror,Mobile,0.681,2021-05-26,1317,Giant Battle Obby is a tense horror escape where you survive what lurks in the dark on Roblox.
game_1033,Savage Battle Obby,Strategy,PC,0.648,2023-08-15,2860,Savage Battle Obby is a deep strategy title where planning and positioning win the day on Roblox.
game_1034,Frozen Battle Obby,FPS,PC,0.702,2024-11-14,25,Frozen Battle Obby is a fast-paced shooter with satisfying gunplay and competitive modes on Roblox.
game_1035,Burning Battle Obby,RPG,PC,0.911,2024-07-26,2473,"Burning Battle Obby is an RPG with classes, leveling, and loot-driven progression on Roblox."
game_1036,Golden Battle Obby,Fighting,Mobile,0.6,2023-11-13,1880,"Golden Battle Obby is a combat arena focused on combos, timing, and character mastery on Roblox."
game_1037,Shadow Battle Obby,Racing,PlayStation,0.629,2022-05-22,1581,Shadow Battle Obby is a racing game with licensed-style vehicles and drift mechanics on Roblox.
game_1038,Turbo Battle Obby,Sports,Mobile,0.614,2022-09-05,169,"Turbo Battle Obby is a sports sim with team play, physics, and ranked seasons on Roblox."
game_1039,Hyper Battle Obby,Tycoon,PC,0.754,2023-03-22,1418,Hyper Battle Obby is a tycoon builder where you grow a business from scratch to a fortune on Roblox.
game_1040,Pixel Battle Obby,Obby,PC,0.696,2021-07-30,1390,Pixel Battle Obby is a platforming obstacle course testing precision and patience on Roblox.
game_1041,Mega Escape Obby,Social,PC,0.682,2025-03-23,1032,"Mega Escape Obby is a hangout hub for chatting, roleplay, and mini-games with friends on Roblox."
game_1042,Ultra Escape Obby,Sandbox,PC,0.69,2025-07-01,5936,Ultra Escape Obby is a physics sandbox for building and tinkering with anything on Roblox.
game_1043,Epic Escape Obby,Puzzle,Mobile,0.634,2023-06-02,187,Epic Escape Obby is a brain-teasing puzzle game with escalating logic challenges on Roblox.
game_1044,Super Escape Obby,Survival,PC,0.97,2025-07-22,21379,"Super Escape Obby is a survival challenge against disasters, hunters, or the elements on Roblox."
game_1045,Mystic Escape Obby,Tower Defense,PC,0.956,2020-10-18,1026,Mystic Escape Obby is a tower-defense battleground to place units and repel waves on Roblox.
game_1046,Neon Escape Obby,Anime,Xbox,0.709,2021-09-27,700,"Neon Escape Obby is an anime-inspired battler with powers, quests, and transformations on Roblox."
game_1047,Cyber Escape Obby,Mystery,PC,0.926,2021-07-15,440,Cyber Escape Obby is a social-deduction mystery where you find the culprit before it's you on Roblox.
game_1048,Dark Escape Obby,Comedy,PC,0.896,2021-11-15,3378,Dark Escape Obby is a lighthearted comedic experience full of silly gags and chaos on Roblox.
game_1049,Royal Escape Obby,Military,PC,0.909,2024-12-20,145,"Royal Escape Obby is a military roleplay of service, vehicles, and squad tactics on Roblox."
game_1050,Cosmic Escape Obby,Scary,Mobile,0.974,2020-08-23,269,Cosmic Escape Obby is a jump-scare driven horror romp through haunted locations on Roblox.
game_1051,Tiny Escape Obby,Simulation,PC,0.728,2023-06-21,161,"Tiny Escape Obby is a life-sim experience where you build, decorate, and manage your own world on Roblox."
game_1052,Giant Escape Obby,Adventure,Mobile,0.636,2024-12-31,11589,"Giant Escape Obby is an open-world adventure packed with quests, treasures, and exploration on Roblox."
game_1053,Savage Escape Obby,Horror,Xbox,0.909,2023-02-24,352,Savage Escape Obby is a tense horror escape where you survive what lurks in the dark on Roblox.
game_1054,Frozen Escape Obby,Strategy,PC,0.89,2026-03-27,1485,Frozen Escape Obby is a deep strategy title where planning and positioning win the day on Roblox.
game_1055,Burning Escape Obby,FPS,PC,0.603,2021-03-27,238,Burning Escape Obby is a fast-paced shooter with satisfying gunplay and competitive modes on Roblox.
game_1056,Golden Escape Obby,RPG,Mobile,0.562,2023-10-16,539,"Golden Escape Obby is an RPG with classes, leveling, and loot-driven progression on Roblox."
game_1057,Shadow Escape Obby,Fighting,Xbox,0.8,2022-06-24,572,"Shadow Escape Obby is a combat arena focused on combos, timing, and character mastery on Roblox."
game_1058,Turbo Escape Obby,Racing,Mobile,0.969,2021-03-13,16611,Turbo Escape Obby is a racing game with licensed-style vehicles and drift mechanics on Roblox.
game_1059,Hyper Escape Obby,Sports,Xbox,0.913,2026-05-04,297,"Hyper Escape Obby is a sports sim with team play, physics, and ranked seasons on Roblox."
game_1060,Pixel Escape Obby,Tycoon,PC,0.704,2025-01-06,184,Pixel Escape Obby is a tycoon builder where you grow a business from scratch to a fortune on Roblox.
game_1061,Mega Factory Obby,Obby,PC,0.571,2022-07-17,384,Mega Factory Obby is a platforming obstacle course testing precision and patience on Roblox.
game_1062,Ultra Factory Obby,Social,PC,0.88,2024-05-12,1657,"Ultra Factory Obby is a hangout hub for chatting, roleplay, and mini-games with friends on Roblox."
game_1063,Epic Factory Obby,Sandbox,PC,0.667,2023-02-27,2809,Epic Factory Obby is a physics sandbox for building and tinkering with anything on Roblox.
game_1064,Super Factory Obby,Puzzle,Mobile,0.904,2022-08-04,487,Super Factory Obby is a brain-teasing puzzle game with escalating logic challenges on Roblox.
game_1065,Mystic Factory Obby,Survival,PC,0.727,2021-02-04,1187,"Mystic Factory Obby is a survival challenge against disasters, hunters, or the elements on Roblox."
game_1066,Neon Factory Obby,Tower Defense,PlayStation,0.645,2020-11-21,336,Neon Factory Obby is a tower-defense battleground to place units and repel waves on Roblox.
game_1067,Cyber Factory Obby,Anime,PC,0.914,2020-08-21,18385,"Cyber Factory Obby is an anime-inspired battler with powers, quests, and transformations on Roblox."
game_1068,Dark Factory Obby,Mystery,Mobile,0.748,2021-11-08,18255,Dark Factory Obby is a social-deduction mystery where you find the culprit before it's you on Roblox.
game_1069,Royal Factory Obby,Comedy,PC,0.61,2022-06-20,1010,Royal Factory Obby is a lighthearted comedic experience full of silly gags and chaos on Roblox.
game_1070,Cosmic Factory Obby,Military,PC,0.646,2025-03-16,134,"Cosmic Factory Obby is a military roleplay of service, vehicles, and squad tactics on Roblox."
game_1071,Tiny Factory Obby,Scary,Xbox,0.64,2025-02-16,308,Tiny Factory Obby is a jump-scare driven horror romp through haunted locations on Roblox.
game_1072,Giant Factory Obby,Simulation,PlayStation,0.583,2025-04-13,458,"Giant Factory Obby is a life-sim experience where you build, decorate, and manage your own world on Roblox."
game_1073,Savage Factory Obby,Adventure,Xbox,0.941,2025-03-14,1140,"Savage Factory Obby is an open-world adventure packed with quests, treasures, and exploration on Roblox."
game_1074,Frozen Factory Obby,Horror,PC,0.629,2024-04-16,2159,Frozen Factory Obby is a tense horror escape where you survive what lurks in the dark on Roblox.
game_1075,Burning Factory Obby,Strategy,PC,0.886,2020-12-02,666,Burning Factory Obby is a deep strategy title where planning and positioning win the day on Roblox.
game_1076,Golden Factory Obby,FPS,Mobile,0.777,2026-05-18,1112,Golden Factory Obby is a fast-paced shooter with satisfying gunplay and competitive modes on Roblox.
game_1077,Shadow Factory Obby,RPG,Mobile,0.739,2024-06-16,871,"Shadow Factory Obby is an RPG with classes, leveling, and loot-driven progression on Roblox."
game_1078,Turbo Factory Obby,Fighting,PlayStation,0.732,2022-04-12,282,"Turbo Factory Obby is a combat arena focused on combos, timing, and character mastery on Roblox."
game_1079,Hyper Factory Obby,Racing,Mobile,0.603,2023-01-04,378,Hyper Factory Obby is a racing game with licensed-style vehicles and drift mechanics on Roblox.
game_1080,Pixel Factory Obby,Sports,PC,0.585,2026-01-29,3900,"Pixel Factory Obby is a sports sim with team play, physics, and ranked seasons on Roblox."
game_1081,Mega Island Obby,Tycoon,Mobile,0.845,2023-01-14,612,Mega Island Obby is a tycoon builder where you grow a business from scratch to a fortune on Roblox.
game_1082,Ultra Island Obby,Obby,Xbox,0.631,2021-09-26,308,Ultra Island Obby is a platforming obstacle course testing precision and patience on Roblox.
game_1083,Epic Island Obby,Social,PC,0.627,2022-05-31,6538,"Epic Island Obby is a hangout hub for chatting, roleplay, and mini-games with friends on Roblox."
game_1084,Super Island Obby,Sandbox,PlayStation,0.775,2021-08-15,1068,Super Island Obby is a physics sandbox for building and tinkering with anything on Roblox.
game_1085,Mystic Island Obby,Puzzle,Mobile,0.869,2025-05-24,194,Mystic Island Obby is a brain-teasing puzzle game with escalating logic challenges on Roblox.
game_1086,Neon Island Obby,Survival,Xbox,0.696,2024-04-20,262,"Neon Island Obby is a survival challenge against disasters, hunters, or the elements on Roblox."
game_1087,Cyber Island Obby,Tower Defense,Mobile,0.879,2023-05-31,32119,Cyber Island Obby is a tower-defense battleground to place units and repel waves on Roblox.
game_1088,Dark Island Obby,Anime,Xbox,0.703,2022-01-17,3148,"Dark Island Obby is an anime-inspired battler with powers, quests, and transformations on Roblox."
game_1089,Royal Island Obby,Mystery,Mobile,0.596,2021-06-08,1137,Royal Island Obby is a social-deduction mystery where you find the culprit before it's you on Roblox.
game_1090,Cosmic Island Obby,Comedy,PC,0.563,2025-01-09,1074,Cosmic Island Obby is a lighthearted comedic experience full of silly gags and chaos on Roblox.
game_1091,Tiny Island Obby,Military,Mobile,0.968,2026-03-27,6678,"Tiny Island Obby is a military roleplay of service, vehicles, and squad tactics on Roblox."
game_1092,Giant Island Obby,Scary,PC,0.877,2025-06-15,1959,Giant Island Obby is a jump-scare driven horror romp through haunted locations on Roblox.
game_1093,Savage Island Obby,Simulation,Mobile,0.637,2021-04-23,1221,"Savage Island Obby is a life-sim experience where you build, decorate, and manage your own world on Roblox."
game_1094,Frozen Island Obby,Adventure,Mobile,0.898,2022-09-06,1057,"Frozen Island Obby is an open-world adventure packed with quests, treasures, and exploration on Roblox."
game_1095,Burning Island Obby,Horror,Mobile,0.74,2022-04-25,163,Burning Island Obby is a tense horror escape where you survive what lurks in the dark on Roblox.
game_1096,Golden Island Obby,Strategy,PC,0.93,2023-02-19,81,Golden Island Obby is a deep strategy title where planning and positioning win the day on Roblox.
game_1097,Shadow Island Obby,FPS,PC,0.76,2022-03-04,831,Shadow Island Obby is a fast-paced shooter with satisfying gunplay and competitive modes on Roblox.
game_1098,Turbo Island Obby,RPG,PC,0.755,2021-04-07,4506,"Turbo Island Obby is an RPG with classes, leveling, and loot-driven progression on Roblox."
game_1099,Hyper Island Obby,Fighting,Xbox,0.804,2020-12-26,1130,"Hyper Island Obby is a combat arena focused on combos, timing, and character mastery on Roblox."
game_1100,Pixel Island Obby,Racing,PC,0.688,2023-05-06,8728,Pixel Island Obby is a racing game with licensed-style vehicles and drift mechanics on Roblox.
game_1101,Mega Castle Obby,Sports,PC,0.879,2026-03-26,219,"Mega Castle Obby is a sports sim with team play, physics, and ranked seasons on Roblox."
game_1102,Ultra Castle Obby,Tycoon,Mobile,0.727,2022-07-12,618,Ultra Castle Obby is a tycoon builder where you grow a business from scratch to a fortune on Roblox.
game_1103,Epic Castle Obby,Obby,PC,0.805,2023-01-13,438,Epic Castle Obby is a platforming obstacle course testing precision and patience on Roblox.
game_1104,Super Castle Obby,Social,Xbox,0.623,2022-10-01,197,"Super Castle Obby is a hangout hub for chatting, roleplay, and mini-games with friends on Roblox."
game_1105,Mystic Castle Obby,Sandbox,Mobile,0.665,2021-10-23,707,Mystic Castle Obby is a physics sandbox for building and tinkering with anything on Roblox.
game_1106,Neon Castle Obby,Puzzle,Mobile,0.898,2025-06-09,632,Neon Castle Obby is a brain-teasing puzzle game with escalating logic challenges on Roblox.
game_1107,Cyber Castle Obby,Survival,PC,0.899,2020-11-23,2261,"Cyber Castle Obby is a survival challenge against disasters, hunters, or the elements on Roblox."
game_1108,Dark Castle Obby,Tower Defense,Mobile,0.637,2021-08-24,296,Dark Castle Obby is a tower-defense battleground to place units and repel waves on Roblox.
game_1109,Royal Castle Obby,Anime,Mobile,0.57,2023-07-24,3727,"Royal Castle Obby is an anime-inspired battler with powers, quests, and transformations on Roblox."
game_1110,Cosmic Castle Obby,Mystery,PlayStation,0.859,2025-07-03,774,Cosmic Castle Obby is a social-deduction mystery where you find the culprit before it's you on Roblox.
game_1111,Tiny Castle Obby,Comedy,Mobile,0.734,2021-03-16,1551,Tiny Castle Obby is a lighthearted comedic experience full of silly gags and chaos on Roblox.
game_1112,Giant Castle Obby,Military,PC,0.636,2023-01-08,1116,"Giant Castle Obby is a military roleplay of service, vehicles, and squad tactics on Roblox."
game_1113,Savage Castle Obby,Scary,PC,0.929,2024-07-05,2053,Savage Castle Obby is a jump-scare driven horror romp through haunted locations on Roblox.
game_1114,Frozen Castle Obby,Simulation,Mobile,0.642,2020-12-08,1158,"Frozen Castle Obby is a life-sim experience where you build, decorate, and manage your own world on Roblox."
game_1115,Burning Castle Obby,Adventure,PlayStation,0.952,2021-09-02,3820,"Burning Castle Obby is an open-world adventure packed with quests, treasures, and exploration on Roblox."
game_1116,Golden Castle Obby,Horror,Mobile,0.614,2021-05-07,241,Golden Castle Obby is a tense horror escape where you survive what lurks in the dark on Roblox.
game_1117,Shadow Castle Obby,Strategy,PC,0.726,2021-08-26,2268,Shadow Castle Obby is a deep strategy title where planning and positioning win the day on Roblox.
game_1118,Turbo Castle Obby,FPS,Xbox,0.665,2021-11-28,23926,Turbo Castle Obby is a fast-paced shooter with satisfying gunplay and competitive modes on Roblox.
game_1119,Hyper Castle Obby,RPG,PC,0.725,2023-11-20,55,"Hyper Castle Obby is an RPG with classes, leveling, and loot-driven progression on Roblox."
game_1120,Pixel Castle Obby,Fighting,PC,0.75,2023-01-20,357,"Pixel Castle Obby is a combat arena focused on combos, timing, and character mastery on Roblox."
game_1121,Mega Dungeon Obby,Racing,Mobile,0.637,2026-02-13,667,Mega Dungeon Obby is a racing game with licensed-style vehicles and drift mechanics on Roblox.
game_1122,Ultra Dungeon Obby,Sports,PC,0.964,2026-01-23,282,"Ultra Dungeon Obby is a sports sim with team play, physics, and ranked seasons on Roblox."
game_1123,Epic Dungeon Obby,Tycoon,Mobile,0.937,2025-10-27,62,Epic Dungeon Obby is a tycoon builder where you grow a business from scratch to a fortune on Roblox.
game_1124,Super Dungeon Obby,Obby,PC,0.721,2025-07-10,367,Super Dungeon Obby is a platforming obstacle course testing precision and patience on Roblox.
game_1125,Mystic Dungeon Obby,Social,Xbox,0.951,2020-12-03,3757,"Mystic Dungeon Obby is a hangout hub for chatting, roleplay, and mini-games with friends on Roblox."
game_1126,Neon Dungeon Obby,Sandbox,Mobile,0.652,2025-07-10,5341,Neon Dungeon Obby is a physics sandbox for building and tinkering with anything on Roblox.
game_1127,Cyber Dungeon Obby,Puzzle,PC,0.897,2022-02-28,3847,Cyber Dungeon Obby is a brain-teasing puzzle game with escalating logic challenges on Roblox.
game_1128,Dark Dungeon Obby,Survival,Mobile,0.625,2025-05-03,5057,"Dark Dungeon Obby is a survival challenge against disasters, hunters, or the elements on Roblox."
game_1129,Royal Dungeon Obby,Tower Defense,PlayStation,0.761,2025-11-27,877,Royal Dungeon Obby is a tower-defense battleground to place units and repel waves on Roblox.
game_1130,Cosmic Dungeon Obby,Anime,PC,0.754,2021-10-13,6647,"Cosmic Dungeon Obby is an anime-inspired battler with powers, quests, and transformations on Roblox."
game_1131,Tiny Dungeon Obby,Mystery,PC,0.706,2024-11-28,64,Tiny Dungeon Obby is a social-deduction mystery where you find the culprit before it's you on Roblox.
game_1132,Giant Dungeon Obby,Comedy,Mobile,0.847,2025-12-03,17586,Giant Dungeon Obby is a lighthearted comedic experience full of silly gags and chaos on Roblox.
game_1133,Savage Dungeon Obby,Military,Xbox,0.825,2023-01-25,221,"Savage Dungeon Obby is a military roleplay of service, vehicles, and squad tactics on Roblox."
game_1134,Frozen Dungeon Obby,Scary,Mobile,0.717,2021-07-28,1243,Frozen Dungeon Obby is a jump-scare driven horror romp through haunted locations on Roblox.
game_1135,Burning Dungeon Obby,Simulation,Xbox,0.678,2023-11-23,524,"Burning Dungeon Obby is a life-sim experience where you build, decorate, and manage your own world on Roblox."
game_1136,Golden Dungeon Obby,Adventure,Xbox,0.928,2022-12-23,208,"Golden Dungeon Obby is an open-world adventure packed with quests, treasures, and exploration on Roblox."
game_1137,Shadow Dungeon Obby,Horror,Xbox,0.904,2025-08-20,840,Shadow Dungeon Obby is a tense horror escape where you survive what lurks in the dark on Roblox.
game_1138,Turbo Dungeon Obby,Strategy,PlayStation,0.858,2022-10-21,957,Turbo Dungeon Obby is a deep strategy title where planning and positioning win the day on Roblox.
game_1139,Hyper Dungeon Obby,FPS,Xbox,0.731,2022-08-03,3306,Hyper Dungeon Obby is a fast-paced shooter with satisfying gunplay and competitive modes on Roblox.
game_1140,Pixel Dungeon Obby,RPG,Mobile,0.878,2026-03-24,1332,"Pixel Dungeon Obby is an RPG with classes, leveling, and loot-driven progression on Roblox."
game_1141,Mega City Obby,Fighting,Mobile,0.551,2025-01-03,230,"Mega City Obby is a combat arena focused on combos, timing, and character mastery on Roblox."
game_1142,Ultra City Obby,Racing,PC,0.618,2025-04-17,311,Ultra City Obby is a racing game with licensed-style vehicles and drift mechanics on Roblox.
game_1143,Epic City Obby,Sports,Mobile,0.744,2022-12-14,12821,"Epic City Obby is a sports sim with team play, physics, and ranked seasons on Roblox."
game_1144,Super City Obby,Tycoon,Xbox,0.894,2022-11-11,324,Super City Obby is a tycoon builder where you grow a business from scratch to a fortune on Roblox.
game_1145,Mystic City Obby,Obby,PC,0.956,2022-04-21,823,Mystic City Obby is a platforming obstacle course testing precision and patience on Roblox.
game_1146,Neon City Obby,Social,Xbox,0.635,2021-05-07,45757,"Neon City Obby is a hangout hub for chatting, roleplay, and mini-games with friends on Roblox."
game_1147,Cyber City Obby,Sandbox,Mobile,0.808,2021-09-22,240,Cyber City Obby is a physics sandbox for building and tinkering with anything on Roblox.
game_1148,Dark City Obby,Puzzle,PC,0.737,2020-08-21,1322,Dark City Obby is a brain-teasing puzzle game with escalating logic challenges on Roblox.
game_1149,Royal City Obby,Survival,Xbox,0.647,2025-03-16,743,"Royal City Obby is a survival challenge against disasters, hunters, or the elements on Roblox."
game_1150,Cosmic City Obby,Tower Defense,PC,0.606,2022-04-02,87,Cosmic City Obby is a tower-defense battleground to place units and repel waves on Roblox.
game_1151,Tiny City Obby,Anime,Xbox,0.628,2021-11-04,173,"Tiny City Obby is an anime-inspired battler with powers, quests, and transformations on Roblox."
game_1152,Giant City Obby,Mystery,Xbox,0.709,2023-10-01,292,Giant City Obby is a social-deduction mystery where you find the culprit before it's you on Roblox.
game_1153,Savage City Obby,Comedy,Mobile,0.925,2025-01-15,976,Savage City Obby is a lighthearted comedic experience full of silly gags and chaos on Roblox.
game_1154,Frozen City Obby,Military,PlayStation,0.855,2022-03-27,767,"Frozen City Obby is a military roleplay of service, vehicles, and squad tactics on Roblox."
game_1155,Burning City Obby,Scary,Mobile,0.572,2025-11-16,523,Burning City Obby is a jump-scare driven horror romp through haunted locations on Roblox.
game_1156,Golden City Obby,Simulation,PlayStation,0.552,2026-01-09,969,"Golden City Obby is a life-sim experience where you build, decorate, and manage your own world on Roblox."
game_1157,Shadow City Obby,Adventure,Mobile,0.8,2026-01-27,1885,"Shadow City Obby is an open-world adventure packed with quests, treasures, and exploration on Roblox."
game_1158,Turbo City Obby,Horror,PC,0.607,2021-04-14,1271,Turbo City Obby is a tense horror escape where you survive what lurks in the dark on Roblox.
game_1159,Hyper City Obby,Strategy,PC,0.685,2025-03-23,1208,Hyper City Obby is a deep strategy title where planning and positioning win the day on Roblox.
game_1160,Pixel City Obby,FPS,PlayStation,0.872,2023-05-21,1010,Pixel City Obby is a fast-paced shooter with satisfying gunplay and competitive modes on Roblox.
game_1161,Mega Kingdom Obby,RPG,PlayStation,0.772,2023-07-30,4024,"Mega Kingdom Obby is an RPG with classes, leveling, and loot-driven progression on Roblox."
game_1162,Ultra Kingdom Obby,Fighting,PC,0.878,2021-01-09,33,"Ultra Kingdom Obby is a combat arena focused on combos, timing, and character mastery on Roblox."
game_1163,Epic Kingdom Obby,Racing,PC,0.573,2021-08-07,18556,Epic Kingdom Obby is a racing game with licensed-style vehicles and drift mechanics on Roblox.
game_1164,Super Kingdom Obby,Sports,PC,0.6,2021-08-22,116,"Super Kingdom Obby is a sports sim with team play, physics, and ranked seasons on Roblox."
game_1165,Mystic Kingdom Obby,Tycoon,Xbox,0.747,2021-02-03,1069,Mystic Kingdom Obby is a tycoon builder where you grow a business from scratch to a fortune on Roblox.
game_1166,Neon Kingdom Obby,Obby,PC,0.59,2022-08-13,2226,Neon Kingdom Obby is a platforming obstacle course testing precision and patience on Roblox.
game_1167,Cyber Kingdom Obby,Social,Xbox,0.904,2020-10-30,382,"Cyber Kingdom Obby is a hangout hub for chatting, roleplay, and mini-games with friends on Roblox."
game_1168,Dark Kingdom Obby,Sandbox,Mobile,0.776,2026-06-28,1936,Dark Kingdom Obby is a physics sandbox for building and tinkering with anything on Roblox.
game_1169,Royal Kingdom Obby,Puzzle,Mobile,0.841,2020-12-12,855,Royal Kingdom Obby is a brain-teasing puzzle game with escalating logic challenges on Roblox.
game_1170,Cosmic Kingdom Obby,Survival,Xbox,0.91,2025-05-06,2485,"Cosmic Kingdom Obby is a survival challenge against disasters, hunters, or the elements on Roblox."
game_1171,Tiny Kingdom Obby,Tower Defense,PC,0.806,2023-07-07,2445,Tiny Kingdom Obby is a tower-defense battleground to place units and repel waves on Roblox.
game_1172,Giant Kingdom Obby,Anime,PC,0.641,2025-01-31,6858,"Giant Kingdom Obby is an anime-inspired battler with powers, quests, and transformations on Roblox."
game_1173,Savage Kingdom Obby,Mystery,PC,0.87,2025-11-29,1963,Savage Kingdom Obby is a social-deduction mystery where you find the culprit before it's you on Roblox.
game_1174,Frozen Kingdom Obby,Comedy,Mobile,0.627,2023-09-03,1494,Frozen Kingdom Obby is a lighthearted comedic experience full of silly gags and chaos on Roblox.
game_1175,Burning Kingdom Obby,Military,PlayStation,0.673,2022-01-08,3482,"Burning Kingdom Obby is a military roleplay of service, vehicles, and squad tactics on Roblox."
game_1176,Golden Kingdom Obby,Scary,Mobile,0.894,2021-01-11,1773,Golden Kingdom Obby is a jump-scare driven horror romp through haunted locations on Roblox.
game_1177,Shadow Kingdom Obby,Simulation,Mobile,0.908,2025-06-16,1708,"Shadow Kingdom Obby is a life-sim experience where you build, decorate, and manage your own world on Roblox."
game_1178,Turbo Kingdom Obby,Adventure,Mobile,0.665,2021-03-11,855,"Turbo Kingdom Obby is an open-world adventure packed with quests, treasures, and exploration on Roblox."
game_1179,Hyper Kingdom Obby,Horror,Mobile,0.814,2022-05-28,156,Hyper Kingdom Obby is a tense horror escape where you survive what lurks in the dark on Roblox.
game_1180,Pixel Kingdom Obby,Strategy,PC,0.969,2022-09-14,887,Pixel Kingdom Obby is a deep strategy title where planning and positioning win the day on Roblox.
game_1181,Mega Frontier Obby,FPS,Mobile,0.777,2020-12-24,4513,Mega Frontier Obby is a fast-paced shooter with satisfying gunplay and competitive modes on Roblox.
game_1182,Ultra Frontier Obby,RPG,Mobile,0.94,2025-08-24,128,"Ultra Frontier Obby is an RPG with classes, leveling, and loot-driven progression on Roblox."
game_1183,Epic Frontier Obby,Fighting,Mobile,0.912,2023-03-02,362,"Epic Frontier Obby is a combat arena focused on combos, timing, and character mastery on Roblox."
game_1184,Super Frontier Obby,Racing,Mobile,0.944,2025-09-04,608,Super Frontier Obby is a racing game with licensed-style vehicles and drift mechanics on Roblox.
game_1185,Mystic Frontier Obby,Sports,Mobile,0.834,2021-04-28,1152,"Mystic Frontier Obby is a sports sim with team play, physics, and ranked seasons on Roblox."
game_1186,Neon Frontier Obby,Tycoon,Mobile,0.881,2025-08-14,442,Neon Frontier Obby is a tycoon builder where you grow a business from scratch to a fortune on Roblox.
game_1187,Cyber Frontier Obby,Obby,PC,0.912,2024-06-28,3748,Cyber Frontier Obby is a platforming obstacle course testing precision and patience on Roblox.
game_1188,Dark Frontier Obby,Social,PC,0.802,2023-01-06,503,"Dark Frontier Obby is a hangout hub for chatting, roleplay, and mini-games with friends on Roblox."
game_1189,Royal Frontier Obby,Sandbox,PC,0.697,2023-07-25,3798,Royal Frontier Obby is a physics sandbox for building and tinkering with anything on Roblox.
game_1190,Cosmic Frontier Obby,Puzzle,Xbox,0.871,2025-08-28,3224,Cosmic Frontier Obby is a brain-teasing puzzle game with escalating logic challenges on Roblox.
game_1191,Tiny Frontier Obby,Survival,Mobile,0.556,2025-03-24,1205,"Tiny Frontier Obby is a survival challenge against disasters, hunters, or the elements on Roblox."
game_1192,Giant Frontier Obby,Tower Defense,Mobile,0.68,2021-01-28,912,Giant Frontier Obby is a tower-defense battleground to place units and repel waves on Roblox.
game_1193,Savage Frontier Obby,Anime,Xbox,0.896,2022-02-08,3089,"Savage Frontier Obby is an anime-inspired battler with powers, quests, and transformations on Roblox."
game_1194,Frozen Frontier Obby,Mystery,PC,0.849,2026-05-10,318,Frozen Frontier Obby is a social-deduction mystery where you find the culprit before it's you on Roblox.
game_1195,Burning Frontier Obby,Comedy,PC,0.829,2024-11-27,89,Burning Frontier Obby is a lighthearted comedic experience full of silly gags and chaos on Roblox.
game_1196,Golden Frontier Obby,Military,PC,0.587,2024-05-24,5697,"Golden Frontier Obby is a military roleplay of service, vehicles, and squad tactics on Roblox."
game_1197,Shadow Frontier Obby,Scary,Xbox,0.621,2025-03-24,206,Shadow Frontier Obby is a jump-scare driven horror romp through haunted locations on Roblox.
game_1198,Turbo Frontier Obby,Simulation,PC,0.637,2023-10-25,627,"Turbo Frontier Obby is a life-sim experience where you build, decorate, and manage your own world on Roblox."
game_1199,Hyper Frontier Obby,Adventure,Mobile,0.566,2023-04-10,41750,"Hyper Frontier Obby is an open-world adventure packed with quests, treasures, and exploration on Roblox."
game_1200,Pixel Frontier Obby,Horror,PC,0.65,2021-01-23,1252,Pixel Frontier Obby is a tense horror escape where you survive what lurks in the dark on Roblox.
game_1201,Mega Saga Obby,Strategy,PC,0.932,2021-11-09,1338,Mega Saga Obby is a deep strategy title where planning and positioning win the day on Roblox.
game_1202,Ultra Saga Obby,FPS,PC,0.85,2021-07-04,2840,Ultra Saga Obby is a fast-paced shooter with satisfying gunplay and competitive modes on Roblox.
game_1203,Epic Saga Obby,RPG,PC,0.738,2022-09-05,533,"Epic Saga Obby is an RPG with classes, leveling, and loot-driven progression on Roblox."
game_1204,Super Saga Obby,Fighting,Mobile,0.606,2021-04-13,2353,"Super Saga Obby is a combat arena focused on combos, timing, and character mastery on Roblox."
game_1205,Mystic Saga Obby,Racing,PC,0.892,2022-06-30,17976,Mystic Saga Obby is a racing game with licensed-style vehicles and drift mechanics on Roblox.
game_1206,Neon Saga Obby,Sports,Xbox,0.847,2023-05-15,13370,"Neon Saga Obby is a sports sim with team play, physics, and ranked seasons on Roblox."
game_1207,Cyber Saga Obby,Tycoon,PC,0.81,2024-10-12,1036,Cyber Saga Obby is a tycoon builder where you grow a business from scratch to a fortune on Roblox.
game_1208,Dark Saga Obby,Obby,PC,0.98,2026-01-03,554,Dark Saga Obby is a platforming obstacle course testing precision and patience on Roblox.
game_1209,Royal Saga Obby,Social,PC,0.906,2024-07-29,143,"Royal Saga Obby is a hangout hub for chatting, roleplay, and mini-games with friends on Roblox."
game_1210,Cosmic Saga Obby,Sandbox,Xbox,0.792,2025-03-07,666,Cosmic Saga Obby is a physics sandbox for building and tinkering with anything on Roblox.
game_1211,Tiny Saga Obby,Puzzle,Mobile,0.935,2023-07-15,27338,Tiny Saga Obby is a brain-teasing puzzle game with escalating logic challenges on Roblox.
game_1212,Giant Saga Obby,Survival,Xbox,0.854,2025-05-14,14649,"Giant Saga Obby is a survival challenge against disasters, hunters, or the elements on Roblox."
game_1213,Savage Saga Obby,Tower Defense,PlayStation,0.969,2025-04-16,800,Savage Saga Obby is a tower-defense battleground to place units and repel waves on Roblox.
game_1214,Frozen Saga Obby,Anime,Xbox,0.904,2025-05-23,9185,"Frozen Saga Obby is an anime-inspired battler with powers, quests, and transformations on Roblox."
game_1215,Burning Saga Obby,Mystery,PC,0.942,2024-03-25,58,Burning Saga Obby is a social-deduction mystery where you find the culprit before it's you on Roblox.
game_1216,Golden Saga Obby,Comedy,PC,0.764,2020-11-10,394,Golden Saga Obby is a lighthearted comedic experience full of silly gags and chaos on Roblox.
game_1217,Shadow Saga Obby,Military,Xbox,0.603,2024-12-27,246,"Shadow Saga Obby is a military roleplay of service, vehicles, and squad tactics on Roblox."
game_1218,Turbo Saga Obby,Scary,PC,0.587,2024-08-12,990,Turbo Saga Obby is a jump-scare driven horror romp through haunted locations on Roblox.
game_1219,Hyper Saga Obby,Simulation,PC,0.615,2023-10-13,3275,"Hyper Saga Obby is a life-sim experience where you build, decorate, and manage your own world on Roblox."
game_1220,Pixel Saga Obby,Adventure,Mobile,0.728,2021-09-22,830,"Pixel Saga Obby is an open-world adventure packed with quests, treasures, and exploration on Roblox."
game_1221,Mega Tower Obby,Horror,PC,0.956,2022-06-24,509,Mega Tower Obby is a tense horror escape where you survive what lurks in the dark on Roblox.
game_1222,Ultra Tower Obby,Strategy,PC,0.956,2020-09-24,15154,Ultra Tower Obby is a deep strategy title where planning and positioning win the day on Roblox.
game_1223,Epic Tower Obby,FPS,PC,0.938,2024-11-03,8897,Epic Tower Obby is a fast-paced shooter with satisfying gunplay and competitive modes on Roblox.
game_1224,Super Tower Obby,RPG,PC,0.968,2020-09-14,3867,"Super Tower Obby is an RPG with classes, leveling, and loot-driven progression on Roblox."
game_1225,Mystic Tower Obby,Fighting,PC,0.937,2023-05-26,502,"Mystic Tower Obby is a combat arena focused on combos, timing, and character mastery on Roblox."
game_1226,Neon Tower Obby,Racing,Mobile,0.932,2024-03-26,215,Neon Tower Obby is a racing game with licensed-style vehicles and drift mechanics on Roblox.
game_1227,Cyber Tower Obby,Sports,Mobile,0.932,2022-08-30,1961,"Cyber Tower Obby is a sports sim with team play, physics, and ranked seasons on Roblox."
game_1228,Dark Tower Obby,Tycoon,Xbox,0.586,2023-02-25,791,Dark Tower Obby is a tycoon builder where you grow a business from scratch to a fortune on Roblox.
game_1229,Royal Tower Obby,Obby,Mobile,0.774,2025-02-13,374,Royal Tower Obby is a platforming obstacle course testing precision and patience on Roblox.
game_1230,Cosmic Tower Obby,Social,Mobile,0.774,2023-01-13,219,"Cosmic Tower Obby is a hangout hub for chatting, roleplay, and mini-games with friends on Roblox."
game_1231,Tiny Tower Obby,Sandbox,Mobile,0.908,2023-10-30,8085,Tiny Tower Obby is a physics sandbox for building and tinkering with anything on Roblox.
game_1232,Giant Tower Obby,Puzzle,PC,0.912,2025-11-11,714,Giant Tower Obby is a brain-teasing puzzle game with escalating logic challenges on Roblox.
game_1233,Savage Tower Obby,Survival,PC,0.743,2025-02-19,1122,"Savage Tower Obby is a survival challenge against disasters, hunters, or the elements on Roblox."
game_1234,Frozen Tower Obby,Tower Defense,Mobile,0.896,2023-11-20,140,Frozen Tower Obby is a tower-defense battleground to place units and repel waves on Roblox.
game_1235,Burning Tower Obby,Anime,PlayStation,0.701,2023-11-30,6027,"Burning Tower Obby is an anime-inspired battler with powers, quests, and transformations on Roblox."
game_1236,Golden Tower Obby,Mystery,PC,0.857,2024-12-18,17007,Golden Tower Obby is a social-deduction mystery where you find the culprit before it's you on Roblox.
game_1237,Shadow Tower Obby,Comedy,Mobile,0.904,2024-05-17,391,Shadow Tower Obby is a lighthearted comedic experience full of silly gags and chaos on Roblox.
game_1238,Turbo Tower Obby,Military,PC,0.841,2022-05-24,974,"Turbo Tower Obby is a military roleplay of service, vehicles, and squad tactics on Roblox."
game_1239,Hyper Tower Obby,Scary,PC,0.801,2023-07-30,2279,Hyper Tower Obby is a jump-scare driven horror romp through haunted locations on Roblox.
game_1240,Pixel Tower Obby,Simulation,Mobile,0.605,2020-11-11,835,"Pixel Tower Obby is a life-sim experience where you build, decorate, and manage your own world on Roblox."
game_1241,Mega Base Obby,Adventure,Mobile,0.601,2020-08-07,35,"Mega Base Obby is an open-world adventure packed with quests, treasures, and exploration on Roblox."
game_1242,Ultra Base Obby,Horror,PC,0.946,2022-05-24,821,Ultra Base Obby is a tense horror escape where you survive what lurks in the dark on Roblox.
game_1243,Epic Base Obby,Strategy,PC,0.796,2022-05-23,3251,Epic Base Obby is a deep strategy title where planning and positioning win the day on Roblox.
game_1244,Super Base Obby,FPS,PC,0.68,2022-05-03,241,Super Base Obby is a fast-paced shooter with satisfying gunplay and competitive modes on Roblox.
game_1245,Mystic Base Obby,RPG,Mobile,0.571,2021-10-21,2784,"Mystic Base Obby is an RPG with classes, leveling, and loot-driven progression on Roblox."
game_1246,Neon Base Obby,Fighting,Xbox,0.551,2021-01-19,4278,"Neon Base Obby is a combat arena focused on combos, timing, and character mastery on Roblox."
game_1247,Cyber Base Obby,Racing,Mobile,0.937,2021-06-18,1017,Cyber Base Obby is a racing game with licensed-style vehicles and drift mechanics on Roblox.
game_1248,Dark Base Obby,Sports,Xbox,0.878,2025-01-17,860,"Dark Base Obby is a sports sim with team play, physics, and ranked seasons on Roblox."
game_1249,Royal Base Obby,Tycoon,Mobile,0.614,2021-07-01,902,Royal Base Obby is a tycoon builder where you grow a business from scratch to a fortune on Roblox.
game_1250,Cosmic Base Obby,Obby,Mobile,0.717,2021-12-10,54,Cosmic Base Obby is a platforming obstacle course testing precision and patience on Roblox.
game_1251,Tiny Base Obby,Social,Xbox,0.866,2021-07-26,690,"Tiny Base Obby is a hangout hub for chatting, roleplay, and mini-games with friends on Roblox."
game_1252,Giant Base Obby,Sandbox,Mobile,0.791,2023-01-26,33884,Giant Base Obby is a physics sandbox for building and tinkering with anything on Roblox.
game_1253,Savage Base Obby,Puzzle,PC,0.962,2025-12-10,1341,Savage Base Obby is a brain-teasing puzzle game with escalating logic challenges on Roblox.
game_1254,Frozen Base Obby,Survival,Mobile,0.602,2026-04-29,4371,"Frozen Base Obby is a survival challenge against disasters, hunters, or the elements on Roblox."
game_1255,Burning Base Obby,Tower Defense,PlayStation,0.586,2021-07-21,3111,Burning Base Obby is a tower-defense battleground to place units and repel waves on Roblox.
game_1256,Golden Base Obby,Anime,Mobile,0.921,2021-01-08,330,"Golden Base Obby is an anime-inspired battler with powers, quests, and transformations on Roblox."
game_1257,Shadow Base Obby,Mystery,PC,0.686,2020-08-12,816,Shadow Base Obby is a social-deduction mystery where you find the culprit before it's you on Roblox.
game_1258,Turbo Base Obby,Comedy,PC,0.88,2023-09-02,378,Turbo Base Obby is a lighthearted comedic experience full of silly gags and chaos on Roblox.
game_1259,Hyper Base Obby,Military,PC,0.718,2023-03-12,51,"Hyper Base Obby is a military roleplay of service, vehicles, and squad tactics on Roblox."
game_1260,Pixel Base Obby,Scary,PC,0.955,2022-04-28,769,Pixel Base Obby is a jump-scare driven horror romp through haunted locations on Roblox.
game_1261,Mega Station Obby,Simulation,Xbox,0.762,2023-11-19,217,"Mega Station Obby is a life-sim experience where you build, decorate, and manage your own world on Roblox."
game_1262,Ultra Station Obby,Adventure,Mobile,0.687,2025-11-08,767,"Ultra Station Obby is an open-world adventure packed with quests, treasures, and exploration on Roblox."
game_1263,Epic Station Obby,Horror,Mobile,0.666,2026-04-29,76812,Epic Station Obby is a tense horror escape where you survive what lurks in the dark on Roblox.
game_1264,Super Station Obby,Strategy,PlayStation,0.681,2025-02-15,2074,Super Station Obby is a deep strategy title where planning and positioning win the day on Roblox.
game_1265,Mystic Station Obby,FPS,PC,0.887,2024-04-02,47,Mystic Station Obby is a fast-paced shooter with satisfying gunplay and competitive modes on Roblox.
game_1266,Neon Station Obby,RPG,PC,0.781,2023-10-14,1253,"Neon Station Obby is an RPG with classes, leveling, and loot-driven progression on Roblox."
game_1267,Cyber Station Obby,Fighting,PC,0.899,2026-07-10,8605,"Cyber Station Obby is a combat arena focused on combos, timing, and character mastery on Roblox."
game_1268,Dark Station Obby,Racing,PlayStation,0.55,2024-08-28,2850,Dark Station Obby is a racing game with licensed-style vehicles and drift mechanics on Roblox.
game_1269,Royal Station Obby,Sports,PlayStation,0.98,2022-04-09,971,"Royal Station Obby is a sports sim with team play, physics, and ranked seasons on Roblox."
game_1270,Cosmic Station Obby,Tycoon,Xbox,0.679,2025-10-01,536,Cosmic Station Obby is a tycoon builder where you grow a business from scratch to a fortune on Roblox.
game_1271,Tiny Station Obby,Obby,PC,0.928,2023-05-27,329,Tiny Station Obby is a platforming obstacle course testing precision and patience on Roblox.
game_1272,Giant Station Obby,Social,PC,0.823,2022-09-10,1172,"Giant Station Obby is a hangout hub for chatting, roleplay, and mini-games with friends on Roblox."
game_1273,Savage Station Obby,Sandbox,PlayStation,0.697,2022-12-05,2402,Savage Station Obby is a physics sandbox for building and tinkering with anything on Roblox.
game_1274,Frozen Station Obby,Puzzle,PC,0.828,2025-01-13,1447,Frozen Station Obby is a brain-teasing puzzle game with escalating logic challenges on Roblox.
game_1275,Burning Station Obby,Survival,PC,0.728,2024-08-03,570,"Burning Station Obby is a survival challenge against disasters, hunters, or the elements on Roblox."
game_1276,Golden Station Obby,Tower Defense,Xbox,0.889,2025-08-16,11490,Golden Station Obby is a tower-defense battleground to place units and repel waves on Roblox.
game_1277,Shadow Station Obby,Anime,Mobile,0.702,2025-02-24,17601,"Shadow Station Obby is an anime-inspired battler with powers, quests, and transformations on Roblox."
game_1278,Turbo Station Obby,Mystery,Xbox,0.911,2024-07-19,4447,Turbo Station Obby is a social-deduction mystery where you find the culprit before it's you on Roblox.
game_1279,Hyper Station Obby,Comedy,Xbox,0.645,2026-06-06,705,Hyper Station Obby is a lighthearted comedic experience full of silly gags and chaos on Roblox.
game_1280,Pixel Station Obby,Military,PC,0.898,2023-02-19,714,"Pixel Station Obby is a military roleplay of service, vehicles, and squad tactics on Roblox."
game_1281,Mega Realm Obby,Scary,PC,0.553,2024-03-10,89,Mega Realm Obby is a jump-scare driven horror romp through haunted locations on Roblox.
game_1282,Ultra Realm Obby,Simulation,PlayStation,0.795,2023-06-04,1681,"Ultra Realm Obby is a life-sim experience where you build, decorate, and manage your own world on Roblox."
game_1283,Epic Realm Obby,Adventure,Mobile,0.578,2024-07-26,1665,"Epic Realm Obby is an open-world adventure packed with quests, treasures, and exploration on Roblox."
game_1284,Super Realm Obby,Horror,PC,0.929,2023-12-24,218,Super Realm Obby is a tense horror escape where you survive what lurks in the dark on Roblox.
game_1285,Mystic Realm Obby,Strategy,Mobile,0.977,2026-04-11,18,Mystic Realm Obby is a deep strategy title where planning and positioning win the day on Roblox.
game_1286,Neon Realm Obby,FPS,Mobile,0.551,2021-06-11,1237,Neon Realm Obby is a fast-paced shooter with satisfying gunplay and competitive modes on Roblox.
game_1287,Cyber Realm Obby,RPG,PC,0.736,2022-11-29,4262,"Cyber Realm Obby is an RPG with classes, leveling, and loot-driven progression on Roblox."
game_1288,Dark Realm Obby,Fighting,PlayStation,0.763,2021-04-20,157,"Dark Realm Obby is a combat arena focused on combos, timing, and character mastery on Roblox."
game_1289,Royal Realm Obby,Racing,Mobile,0.634,2022-02-20,1249,Royal Realm Obby is a racing game with licensed-style vehicles and drift mechanics on Roblox.
game_1290,Cosmic Realm Obby,Sports,PC,0.971,2024-01-02,1342,"Cosmic Realm Obby is a sports sim with team play, physics, and ranked seasons on Roblox."
game_1291,Tiny Realm Obby,Tycoon,PC,0.692,2024-09-09,231,Tiny Realm Obby is a tycoon builder where you grow a business from scratch to a fortune on Roblox.
game_1292,Giant Realm Obby,Obby,PC,0.897,2021-09-09,1562,Giant Realm Obby is a platforming obstacle course testing precision and patience on Roblox.
game_1293,Savage Realm Obby,Social,Mobile,0.656,2023-09-23,1845,"Savage Realm Obby is a hangout hub for chatting, roleplay, and mini-games with friends on Roblox."
game_1294,Frozen Realm Obby,Sandbox,Mobile,0.956,2023-11-18,6891,Frozen Realm Obby is a physics sandbox for building and tinkering with anything on Roblox.
game_1295,Burning Realm Obby,Puzzle,Xbox,0.799,2021-07-12,4408,Burning Realm Obby is a brain-teasing puzzle game with escalating logic challenges on Roblox.
game_1296,Golden Realm Obby,Survival,PC,0.887,2025-10-21,37,"Golden Realm Obby is a survival challenge against disasters, hunters, or the elements on Roblox."
game_1297,Shadow Realm Obby,Tower Defense,PC,0.841,2025-05-23,1872,Shadow Realm Obby is a tower-defense battleground to place units and repel waves on Roblox.
game_1298,Turbo Realm Obby,Anime,Mobile,0.815,2025-06-17,441,"Turbo Realm Obby is an anime-inspired battler with powers, quests, and transformations on Roblox."
game_1299,Hyper Realm Obby,Mystery,PC,0.892,2021-04-30,2044,Hyper Realm Obby is a social-deduction mystery where you find the culprit before it's you on Roblox.
game_1300,Pixel Realm Obby,Comedy,Xbox,0.745,2026-03-30,1800,Pixel Realm Obby is a lighthearted comedic experience full of silly gags and chaos on Roblox.
game_1301,Mega World RP,Military,PC,0.805,2025-10-11,428,"Mega World RP is a military roleplay of service, vehicles, and squad tactics on Roblox."
game_1302,Ultra World RP,Scary,Xbox,0.862,2021-02-19,1138,Ultra World RP is a jump-scare driven horror romp through haunted locations on Roblox.
game_1303,Epic World RP,Simulation,PC,0.605,2025-11-09,34,"Epic World RP is a life-sim experience where you build, decorate, and manage your own world on Roblox."
game_1304,Super World RP,Adventure,Mobile,0.684,2022-07-10,1216,"Super World RP is an open-world adventure packed with quests, treasures, and exploration on Roblox."
game_1305,Mystic World RP,Horror,Xbox,0.809,2023-01-27,2662,Mystic World RP is a tense horror escape where you survive what lurks in the dark on Roblox.
game_1306,Neon World RP,Strategy,PC,0.575,2024-11-29,15935,Neon World RP is a deep strategy title where planning and positioning win the day on Roblox.
game_1307,Cyber World RP,FPS,Mobile,0.825,2024-04-15,840,Cyber World RP is a fast-paced shooter with satisfying gunplay and competitive modes on Roblox.
game_1308,Dark World RP,RPG,PC,0.849,2021-03-14,254,"Dark World RP is an RPG with classes, leveling, and loot-driven progression on Roblox."
game_1309,Royal World RP,Fighting,PlayStation,0.815,2022-10-09,1651,"Royal World RP is a combat arena focused on combos, timing, and character mastery on Roblox."
game_1310,Cosmic World RP,Racing,PC,0.763,2026-01-23,200,Cosmic World RP is a racing game with licensed-style vehicles and drift mechanics on Roblox.
game_1311,Tiny World RP,Sports,Xbox,0.818,2021-04-21,3795,"Tiny World RP is a sports sim with team play, physics, and ranked seasons on Roblox."
game_1312,Giant World RP,Tycoon,PC,0.722,2024-03-26,185,Giant World RP is a tycoon builder where you grow a business from scratch to a fortune on Roblox.
game_1313,Savage World RP,Obby,Xbox,0.675,2024-12-08,456,Savage World RP is a platforming obstacle course testing precision and patience on Roblox.
game_1314,Frozen World RP,Social,PC,0.969,2026-01-16,2990,"Frozen World RP is a hangout hub for chatting, roleplay, and mini-games with friends on Roblox."
game_1315,Burning World RP,Sandbox,PC,0.859,2023-08-06,513,Burning World RP is a physics sandbox for building and tinkering with anything on Roblox.
game_1316,Golden World RP,Puzzle,PC,0.626,2026-04-17,1315,Golden World RP is a brain-teasing puzzle game with escalating logic challenges on Roblox.
game_1317,Shadow World RP,Survival,PC,0.696,2025-04-16,61,"Shadow World RP is a survival challenge against disasters, hunters, or the elements on Roblox."
game_1318,Turbo World RP,Tower Defense,PC,0.834,2022-05-11,906,Turbo World RP is a tower-defense battleground to place units and repel waves on Roblox.
game_1319,Hyper World RP,Anime,PlayStation,0.687,2022-05-04,281,"Hyper World RP is an anime-inspired battler with powers, quests, and transformations on Roblox."
game_1320,Pixel World RP,Mystery,PC,0.917,2024-05-31,124378,Pixel World RP is a social-deduction mystery where you find the culprit before it's you on Roblox.
game_1321,Mega Quest RP,Comedy,PC,0.925,2023-05-24,304,Mega Quest RP is a lighthearted comedic experience full of silly gags and chaos on Roblox.
game_1322,Ultra Quest RP,Military,Xbox,0.89,2021-04-04,459,"Ultra Quest RP is a military roleplay of service, vehicles, and squad tactics on Roblox."
game_1323,Epic Quest RP,Scary,Mobile,0.711,2020-10-28,246,Epic Quest RP is a jump-scare driven horror romp through haunted locations on Roblox.
game_1324,Super Quest RP,Simulation,Mobile,0.849,2020-08-22,51,"Super Quest RP is a life-sim experience where you build, decorate, and manage your own world on Roblox."
game_1325,Mystic Quest RP,Adventure,Mobile,0.824,2022-01-14,1075,"Mystic Quest RP is an open-world adventure packed with quests, treasures, and exploration on Roblox."
game_1326,Neon Quest RP,Horror,Xbox,0.744,2024-04-04,1841,Neon Quest RP is a tense horror escape where you survive what lurks in the dark on Roblox.
game_1327,Cyber Quest RP,Strategy,PC,0.796,2022-04-22,286,Cyber Quest RP is a deep strategy title where planning and positioning win the day on Roblox.
game_1328,Dark Quest RP,FPS,PlayStation,0.873,2025-01-10,508,Dark Quest RP is a fast-paced shooter with satisfying gunplay and competitive modes on Roblox.
game_1329,Royal Quest RP,RPG,PC,0.75,2026-01-27,1172,"Royal Quest RP is an RPG with classes, leveling, and loot-driven progression on Roblox."
game_1330,Cosmic Quest RP,Fighting,Mobile,0.708,2021-12-12,749,"Cosmic Quest RP is a combat arena focused on combos, timing, and character mastery on Roblox."
game_1331,Tiny Quest RP,Racing,Mobile,0.704,2025-09-07,881,Tiny Quest RP is a racing game with licensed-style vehicles and drift mechanics on Roblox.
game_1332,Giant Quest RP,Sports,PC,0.888,2025-08-28,7556,"Giant Quest RP is a sports sim with team play, physics, and ranked seasons on Roblox."
game_1333,Savage Quest RP,Tycoon,PlayStation,0.87,2023-02-21,316,Savage Quest RP is a tycoon builder where you grow a business from scratch to a fortune on Roblox.
game_1334,Frozen Quest RP,Obby,Xbox,0.979,2024-12-27,3538,Frozen Quest RP is a platforming obstacle course testing precision and patience on Roblox.
game_1335,Burning Quest RP,Social,Mobile,0.753,2026-05-27,703,"Burning Quest RP is a hangout hub for chatting, roleplay, and mini-games with friends on Roblox."
game_1336,Golden Quest RP,Sandbox,Mobile,0.648,2022-01-28,2546,Golden Quest RP is a physics sandbox for building and tinkering with anything on Roblox.
game_1337,Shadow Quest RP,Puzzle,Mobile,0.861,2021-04-12,387,Shadow Quest RP is a brain-teasing puzzle game with escalating logic challenges on Roblox.
game_1338,Turbo Quest RP,Survival,Mobile,0.734,2024-06-05,3520,"Turbo Quest RP is a survival challenge against disasters, hunters, or the elements on Roblox."
game_1339,Hyper Quest RP,Tower Defense,PlayStation,0.711,2026-03-13,733,Hyper Quest RP is a tower-defense battleground to place units and repel waves on Roblox.
game_1340,Pixel Quest RP,Anime,Mobile,0.733,2021-11-01,4402,"Pixel Quest RP is an anime-inspired battler with powers, quests, and transformations on Roblox."
game_1341,Mega Adventure RP,Mystery,Mobile,0.69,2023-03-05,11284,Mega Adventure RP is a social-deduction mystery where you find the culprit before it's you on Roblox.
game_1342,Ultra Adventure RP,Comedy,PC,0.971,2022-02-24,311,Ultra Adventure RP is a lighthearted comedic experience full of silly gags and chaos on Roblox.
game_1343,Epic Adventure RP,Military,PC,0.754,2024-06-03,575,"Epic Adventure RP is a military roleplay of service, vehicles, and squad tactics on Roblox."
game_1344,Super Adventure RP,Scary,PC,0.564,2024-07-17,574,Super Adventure RP is a jump-scare driven horror romp through haunted locations on Roblox.
game_1345,Mystic Adventure RP,Simulation,Mobile,0.942,2025-10-03,1055,"Mystic Adventure RP is a life-sim experience where you build, decorate, and manage your own world on Roblox."
game_1346,Neon Adventure RP,Adventure,PC,0.58,2020-08-27,351,"Neon Adventure RP is an open-world adventure packed with quests, treasures, and exploration on Roblox."
game_1347,Cyber Adventure RP,Horror,PC,0.718,2021-12-05,1166,Cyber Adventure RP is a tense horror escape where you survive what lurks in the dark on Roblox.
game_1348,Dark Adventure RP,Strategy,PlayStation,0.717,2025-10-06,190,Dark Adventure RP is a deep strategy title where planning and positioning win the day on Roblox.
game_1349,Royal Adventure RP,FPS,Xbox,0.618,2021-03-18,62,Royal Adventure RP is a fast-paced shooter with satisfying gunplay and competitive modes on Roblox.
game_1350,Cosmic Adventure RP,RPG,Mobile,0.668,2021-05-22,570,"Cosmic Adventure RP is an RPG with classes, leveling, and loot-driven progression on Roblox."
game_1351,Tiny Adventure RP,Fighting,PC,0.691,2020-08-21,260,"Tiny Adventure RP is a combat arena focused on combos, timing, and character mastery on Roblox."
game_1352,Giant Adventure RP,Racing,Mobile,0.867,2026-02-04,1047,Giant Adventure RP is a racing game with licensed-style vehicles and drift mechanics on Roblox.
game_1353,Savage Adventure RP,Sports,PC,0.718,2023-03-14,7505,"Savage Adventure RP is a sports sim with team play, physics, and ranked seasons on Roblox."
game_1354,Frozen Adventure RP,Tycoon,Xbox,0.937,2024-07-09,5662,Frozen Adventure RP is a tycoon builder where you grow a business from scratch to a fortune on Roblox.
game_1355,Burning Adventure RP,Obby,Mobile,0.85,2024-06-23,299,Burning Adventure RP is a platforming obstacle course testing precision and patience on Roblox.
game_1356,Golden Adventure RP,Social,PC,0.668,2024-10-06,1939,"Golden Adventure RP is a hangout hub for chatting, roleplay, and mini-games with friends on Roblox."
game_1357,Shadow Adventure RP,Sandbox,Mobile,0.941,2024-02-06,7771,Shadow Adventure RP is a physics sandbox for building and tinkering with anything on Roblox.
game_1358,Turbo Adventure RP,Puzzle,PC,0.583,2022-05-26,2484,Turbo Adventure RP is a brain-teasing puzzle game with escalating logic challenges on Roblox.
game_1359,Hyper Adventure RP,Survival,PC,0.621,2021-06-23,3247,"Hyper Adventure RP is a survival challenge against disasters, hunters, or the elements on Roblox."
game_1360,Pixel Adventure RP,Tower Defense,PC,0.714,2021-05-10,3551,Pixel Adventure RP is a tower-defense battleground to place units and repel waves on Roblox.
game_1361,Mega Empire RP,Anime,Mobile,0.658,2026-06-01,5533,"Mega Empire RP is an anime-inspired battler with powers, quests, and transformations on Roblox."
game_1362,Ultra Empire RP,Mystery,Mobile,0.758,2021-04-30,53,Ultra Empire RP is a social-deduction mystery where you find the culprit before it's you on Roblox.
game_1363,Epic Empire RP,Comedy,PC,0.61,2021-08-17,1306,Epic Empire RP is a lighthearted comedic experience full of silly gags and chaos on Roblox.
game_1364,Super Empire RP,Military,Xbox,0.811,2026-05-02,3396,"Super Empire RP is a military roleplay of service, vehicles, and squad tactics on Roblox."
game_1365,Mystic Empire RP,Scary,PC,0.841,2026-05-30,68,Mystic Empire RP is a jump-scare driven horror romp through haunted locations on Roblox.
game_1366,Neon Empire RP,Simulation,PC,0.934,2026-02-23,666,"Neon Empire RP is a life-sim experience where you build, decorate, and manage your own world on Roblox."
game_1367,Cyber Empire RP,Adventure,Mobile,0.826,2020-09-02,927,"Cyber Empire RP is an open-world adventure packed with quests, treasures, and exploration on Roblox."
game_1368,Dark Empire RP,Horror,Mobile,0.741,2023-01-29,6556,Dark Empire RP is a tense horror escape where you survive what lurks in the dark on Roblox.
game_1369,Royal Empire RP,Strategy,Mobile,0.949,2024-04-09,149,Royal Empire RP is a deep strategy title where planning and positioning win the day on Roblox.
game_1370,Cosmic Empire RP,FPS,PC,0.562,2021-10-21,497,Cosmic Empire RP is a fast-paced shooter with satisfying gunplay and competitive modes on Roblox.
game_1371,Tiny Empire RP,RPG,PC,0.645,2025-10-29,17137,"Tiny Empire RP is an RPG with classes, leveling, and loot-driven progression on Roblox."
game_1372,Giant Empire RP,Fighting,Xbox,0.77,2021-11-15,367,"Giant Empire RP is a combat arena focused on combos, timing, and character mastery on Roblox."
game_1373,Savage Empire RP,Racing,Xbox,0.952,2024-03-18,297,Savage Empire RP is a racing game with licensed-style vehicles and drift mechanics on Roblox.
game_1374,Frozen Empire RP,Sports,PC,0.703,2025-05-07,847,"Frozen Empire RP is a sports sim with team play, physics, and ranked seasons on Roblox."
game_1375,Burning Empire RP,Tycoon,PC,0.641,2022-03-03,740,Burning Empire RP is a tycoon builder where you grow a business from scratch to a fortune on Roblox.
game_1376,Golden Empire RP,Obby,PC,0.569,2022-05-25,2000,Golden Empire RP is a platforming obstacle course testing precision and patience on Roblox.
game_1377,Shadow Empire RP,Social,Xbox,0.973,2020-12-06,383,"Shadow Empire RP is a hangout hub for chatting, roleplay, and mini-games with friends on Roblox."
game_1378,Turbo Empire RP,Sandbox,PC,0.808,2025-06-21,3501,Turbo Empire RP is a physics sandbox for building and tinkering with anything on Roblox.
game_1379,Hyper Empire RP,Puzzle,PlayStation,0.693,2025-01-16,5842,Hyper Empire RP is a brain-teasing puzzle game with escalating logic challenges on Roblox.
game_1380,Pixel Empire RP,Survival,Mobile,0.579,2021-02-16,5142,"Pixel Empire RP is a survival challenge against disasters, hunters, or the elements on Roblox."
game_1381,Mega Legends RP,Tower Defense,PC,0.825,2020-10-20,8540,Mega Legends RP is a tower-defense battleground to place units and repel waves on Roblox.
game_1382,Ultra Legends RP,Anime,PC,0.683,2025-02-21,161,"Ultra Legends RP is an anime-inspired battler with powers, quests, and transformations on Roblox."
game_1383,Epic Legends RP,Mystery,Mobile,0.609,2025-11-11,7023,Epic Legends RP is a social-deduction mystery where you find the culprit before it's you on Roblox.
game_1384,Super Legends RP,Comedy,Mobile,0.652,2026-02-09,295,Super Legends RP is a lighthearted comedic experience full of silly gags and chaos on Roblox.
game_1385,Mystic Legends RP,Military,Mobile,0.608,2022-11-06,12218,"Mystic Legends RP is a military roleplay of service, vehicles, and squad tactics on Roblox."
game_1386,Neon Legends RP,Scary,PC,0.873,2023-04-20,4310,Neon Legends RP is a jump-scare driven horror romp through haunted locations on Roblox.
game_1387,Cyber Legends RP,Simulation,PC,0.782,2024-03-23,2900,"Cyber Legends RP is a life-sim experience where you build, decorate, and manage your own world on Roblox."
game_1388,Dark Legends RP,Adventure,Xbox,0.811,2024-01-15,2003,"Dark Legends RP is an open-world adventure packed with quests, treasures, and exploration on Roblox."
game_1389,Royal Legends RP,Horror,PC,0.578,2026-06-20,455,Royal Legends RP is a tense horror escape where you survive what lurks in the dark on Roblox.
game_1390,Cosmic Legends RP,Strategy,Mobile,0.652,2024-03-29,316,Cosmic Legends RP is a deep strategy title where planning and positioning win the day on Roblox.
game_1391,Tiny Legends RP,FPS,PC,0.655,2024-04-26,2688,Tiny Legends RP is a fast-paced shooter with satisfying gunplay and competitive modes on Roblox.
game_1392,Giant Legends RP,RPG,PC,0.966,2021-07-04,418,"Giant Legends RP is an RPG with classes, leveling, and loot-driven progression on Roblox."
game_1393,Savage Legends RP,Fighting,PC,0.721,2022-07-03,7460,"Savage Legends RP is a combat arena focused on combos, timing, and character mastery on Roblox."
game_1394,Frozen Legends RP,Racing,PC,0.877,2021-09-03,792,Frozen Legends RP is a racing game with licensed-style vehicles and drift mechanics on Roblox.
game_1395,Burning Legends RP,Sports,Xbox,0.806,2023-03-03,117,"Burning Legends RP is a sports sim with team play, physics, and ranked seasons on Roblox."
game_1396,Golden Legends RP,Tycoon,PC,0.682,2021-05-02,2534,Golden Legends RP is a tycoon builder where you grow a business from scratch to a fortune on Roblox.
game_1397,Shadow Legends RP,Obby,PC,0.609,2022-10-19,1523,Shadow Legends RP is a platforming obstacle course testing precision and patience on Roblox.
game_1398,Turbo Legends RP,Social,Mobile,0.921,2026-05-23,340,"Turbo Legends RP is a hangout hub for chatting, roleplay, and mini-games with friends on Roblox."
game_1399,Hyper Legends RP,Sandbox,Mobile,0.954,2021-11-14,614,Hyper Legends RP is a physics sandbox for building and tinkering with anything on Roblox.
game_1400,Pixel Legends RP,Puzzle,PlayStation,0.726,2025-09-26,554,Pixel Legends RP is a brain-teasing puzzle game with escalating logic challenges on Roblox.
game_1401,Mega Arena RP,Survival,PC,0.634,2024-09-17,7195,"Mega Arena RP is a survival challenge against disasters, hunters, or the elements on Roblox."
game_1402,Ultra Arena RP,Tower Defense,PC,0.823,2021-01-20,3804,Ultra Arena RP is a tower-defense battleground to place units and repel waves on Roblox.
game_1403,Epic Arena RP,Anime,PC,0.866,2021-10-12,152,"Epic Arena RP is an anime-inspired battler with powers, quests, and transformations on Roblox."
game_1404,Super Arena RP,Mystery,PC,0.662,2024-11-16,3330,Super Arena RP is a social-deduction mystery where you find the culprit before it's you on Roblox.
game_1405,Mystic Arena RP,Comedy,PC,0.555,2024-09-21,2135,Mystic Arena RP is a lighthearted comedic experience full of silly gags and chaos on Roblox.
game_1406,Neon Arena RP,Military,Xbox,0.854,2022-01-28,129126,"Neon Arena RP is a military roleplay of service, vehicles, and squad tactics on Roblox."
game_1407,Cyber Arena RP,Scary,PlayStation,0.659,2021-09-30,3779,Cyber Arena RP is a jump-scare driven horror romp through haunted locations on Roblox.
game_1408,Dark Arena RP,Simulation,PC,0.874,2021-12-02,688,"Dark Arena RP is a life-sim experience where you build, decorate, and manage your own world on Roblox."
game_1409,Royal Arena RP,Adventure,PlayStation,0.666,2024-12-07,2934,"Royal Arena RP is an open-world adventure packed with quests, treasures, and exploration on Roblox."
game_1410,Cosmic Arena RP,Horror,PC,0.974,2026-06-18,10553,Cosmic Arena RP is a tense horror escape where you survive what lurks in the dark on Roblox.
game_1411,Tiny Arena RP,Strategy,Xbox,0.865,2023-04-20,3409,Tiny Arena RP is a deep strategy title where planning and positioning win the day on Roblox.
game_1412,Giant Arena RP,FPS,PC,0.759,2024-04-24,342,Giant Arena RP is a fast-paced shooter with satisfying gunplay and competitive modes on Roblox.
game_1413,Savage Arena RP,RPG,Mobile,0.63,2024-02-25,92,"Savage Arena RP is an RPG with classes, leveling, and loot-driven progression on Roblox."
game_1414,Frozen Arena RP,Fighting,PC,0.973,2023-08-17,29,"Frozen Arena RP is a combat arena focused on combos, timing, and character mastery on Roblox."
game_1415,Burning Arena RP,Racing,Xbox,0.923,2025-04-23,169,Burning Arena RP is a racing game with licensed-style vehicles and drift mechanics on Roblox.
game_1416,Golden Arena RP,Sports,PC,0.578,2023-06-07,440,"Golden Arena RP is a sports sim with team play, physics, and ranked seasons on Roblox."
game_1417,Shadow Arena RP,Tycoon,PC,0.554,2025-05-28,266,Shadow Arena RP is a tycoon builder where you grow a business from scratch to a fortune on Roblox.
game_1418,Turbo Arena RP,Obby,PC,0.809,2022-04-28,24,Turbo Arena RP is a platforming obstacle course testing precision and patience on Roblox.
game_1419,Hyper Arena RP,Social,PlayStation,0.695,2021-09-19,981,"Hyper Arena RP is a hangout hub for chatting, roleplay, and mini-games with friends on Roblox."
game_1420,Pixel Arena RP,Sandbox,Mobile,0.955,2023-11-06,584,Pixel Arena RP is a physics sandbox for building and tinkering with anything on Roblox.
game_1421,Mega Battle RP,Puzzle,Mobile,0.925,2022-07-17,769,Mega Battle RP is a brain-teasing puzzle game with escalating logic challenges on Roblox.
game_1422,Ultra Battle RP,Survival,Xbox,0.561,2024-12-23,213,"Ultra Battle RP is a survival challenge against disasters, hunters, or the elements on Roblox."
game_1423,Epic Battle RP,Tower Defense,PC,0.708,2023-09-30,6111,Epic Battle RP is a tower-defense battleground to place units and repel waves on Roblox.
game_1424,Super Battle RP,Anime,Mobile,0.834,2021-11-25,2517,"Super Battle RP is an anime-inspired battler with powers, quests, and transformations on Roblox."
game_1425,Mystic Battle RP,Mystery,PC,0.967,2026-01-08,289,Mystic Battle RP is a social-deduction mystery where you find the culprit before it's you on Roblox.
game_1426,Neon Battle RP,Comedy,Mobile,0.722,2021-02-06,2073,Neon Battle RP is a lighthearted comedic experience full of silly gags and chaos on Roblox.
game_1427,Cyber Battle RP,Military,Mobile,0.974,2021-03-12,147,"Cyber Battle RP is a military roleplay of service, vehicles, and squad tactics on Roblox."
game_1428,Dark Battle RP,Scary,Xbox,0.924,2024-12-05,542,Dark Battle RP is a jump-scare driven horror romp through haunted locations on Roblox.
game_1429,Royal Battle RP,Simulation,Xbox,0.605,2026-03-06,17320,"Royal Battle RP is a life-sim experience where you build, decorate, and manage your own world on Roblox."
game_1430,Cosmic Battle RP,Adventure,Xbox,0.622,2021-04-19,206,"Cosmic Battle RP is an open-world adventure packed with quests, treasures, and exploration on Roblox."
game_1431,Tiny Battle RP,Horror,PC,0.655,2023-11-01,48,Tiny Battle RP is a tense horror escape where you survive what lurks in the dark on Roblox.
game_1432,Giant Battle RP,Strategy,PC,0.645,2023-05-23,506,Giant Battle RP is a deep strategy title where planning and positioning win the day on Roblox.
game_1433,Savage Battle RP,FPS,PC,0.836,2025-02-25,581,Savage Battle RP is a fast-paced shooter with satisfying gunplay and competitive modes on Roblox.
game_1434,Frozen Battle RP,RPG,PlayStation,0.925,2022-10-20,2256,"Frozen Battle RP is an RPG with classes, leveling, and loot-driven progression on Roblox."
game_1435,Burning Battle RP,Fighting,PlayStation,0.712,2022-09-08,6841,"Burning Battle RP is a combat arena focused on combos, timing, and character mastery on Roblox."
game_1436,Golden Battle RP,Racing,Mobile,0.898,2021-08-20,3126,Golden Battle RP is a racing game with licensed-style vehicles and drift mechanics on Roblox.
game_1437,Shadow Battle RP,Sports,PC,0.96,2023-01-08,207,"Shadow Battle RP is a sports sim with team play, physics, and ranked seasons on Roblox."
game_1438,Turbo Battle RP,Tycoon,Mobile,0.687,2021-10-13,2078,Turbo Battle RP is a tycoon builder where you grow a business from scratch to a fortune on Roblox.
game_1439,Hyper Battle RP,Obby,PC,0.835,2020-09-15,12323,Hyper Battle RP is a platforming obstacle course testing precision and patience on Roblox.
game_1440,Pixel Battle RP,Social,Mobile,0.91,2023-03-17,4509,"Pixel Battle RP is a hangout hub for chatting, roleplay, and mini-games with friends on Roblox."
game_1441,Mega Escape RP,Sandbox,Mobile,0.871,2024-11-24,808,Mega Escape RP is a physics sandbox for building and tinkering with anything on Roblox.
game_1442,Ultra Escape RP,Puzzle,Xbox,0.668,2025-02-24,406,Ultra Escape RP is a brain-teasing puzzle game with escalating logic challenges on Roblox.
game_1443,Epic Escape RP,Survival,Xbox,0.763,2024-02-12,1901,"Epic Escape RP is a survival challenge against disasters, hunters, or the elements on Roblox."
game_1444,Super Escape RP,Tower Defense,Mobile,0.915,2024-03-04,76,Super Escape RP is a tower-defense battleground to place units and repel waves on Roblox.
game_1445,Mystic Escape RP,Anime,PlayStation,0.918,2024-07-11,63,"Mystic Escape RP is an anime-inspired battler with powers, quests, and transformations on Roblox."
game_1446,Neon Escape RP,Mystery,Mobile,0.976,2024-09-30,55,Neon Escape RP is a social-deduction mystery where you find the culprit before it's you on Roblox.
game_1447,Cyber Escape RP,Comedy,Mobile,0.876,2022-08-18,274,Cyber Escape RP is a lighthearted comedic experience full of silly gags and chaos on Roblox.
game_1448,Dark Escape RP,Military,PC,0.851,2024-05-06,1219,"Dark Escape RP is a military roleplay of service, vehicles, and squad tactics on Roblox."
game_1449,Royal Escape RP,Scary,Mobile,0.915,2025-12-05,214,Royal Escape RP is a jump-scare driven horror romp through haunted locations on Roblox.
game_1450,Cosmic Escape RP,Simulation,Mobile,0.74,2024-12-28,953,"Cosmic Escape RP is a life-sim experience where you build, decorate, and manage your own world on Roblox."
game_1451,Tiny Escape RP,Adventure,Mobile,0.866,2024-05-04,4357,"Tiny Escape RP is an open-world adventure packed with quests, treasures, and exploration on Roblox."
game_1452,Giant Escape RP,Horror,PC,0.712,2024-11-17,4730,Giant Escape RP is a tense horror escape where you survive what lurks in the dark on Roblox.
game_1453,Savage Escape RP,Strategy,PlayStation,0.591,2025-11-26,1982,Savage Escape RP is a deep strategy title where planning and positioning win the day on Roblox.
game_1454,Frozen Escape RP,FPS,PlayStation,0.601,2026-02-25,1967,Frozen Escape RP is a fast-paced shooter with satisfying gunplay and competitive modes on Roblox.
game_1455,Burning Escape RP,RPG,PC,0.831,2024-08-07,286,"Burning Escape RP is an RPG with classes, leveling, and loot-driven progression on Roblox."
game_1456,Golden Escape RP,Fighting,PC,0.884,2025-07-12,14358,"Golden Escape RP is a combat arena focused on combos, timing, and character mastery on Roblox."
game_1457,Shadow Escape RP,Racing,Xbox,0.708,2021-07-17,1937,Shadow Escape RP is a racing game with licensed-style vehicles and drift mechanics on Roblox.
game_1458,Turbo Escape RP,Sports,PC,0.647,2020-10-26,116,"Turbo Escape RP is a sports sim with team play, physics, and ranked seasons on Roblox."
game_1459,Hyper Escape RP,Tycoon,Mobile,0.892,2025-06-22,14328,Hyper Escape RP is a tycoon builder where you grow a business from scratch to a fortune on Roblox.
game_1460,Pixel Escape RP,Obby,PC,0.678,2021-09-02,970,Pixel Escape RP is a platforming obstacle course testing precision and patience on Roblox.
game_1461,Mega Factory RP,Social,PC,0.724,2024-06-17,205,"Mega Factory RP is a hangout hub for chatting, roleplay, and mini-games with friends on Roblox."
game_1462,Ultra Factory RP,Sandbox,Mobile,0.577,2021-01-20,222,Ultra Factory RP is a physics sandbox for building and tinkering with anything on Roblox.
game_1463,Epic Factory RP,Puzzle,Xbox,0.874,2025-02-21,1979,Epic Factory RP is a brain-teasing puzzle game with escalating logic challenges on Roblox.
game_1464,Super Factory RP,Survival,PC,0.552,2024-07-07,1795,"Super Factory RP is a survival challenge against disasters, hunters, or the elements on Roblox."
game_1465,Mystic Factory RP,Tower Defense,PC,0.831,2024-03-22,645,Mystic Factory RP is a tower-defense battleground to place units and repel waves on Roblox.
game_1466,Neon Factory RP,Anime,PC,0.971,2025-08-02,73,"Neon Factory RP is an anime-inspired battler with powers, quests, and transformations on Roblox."
game_1467,Cyber Factory RP,Mystery,Mobile,0.97,2021-10-16,481,Cyber Factory RP is a social-deduction mystery where you find the culprit before it's you on Roblox.
game_1468,Dark Factory RP,Comedy,Mobile,0.798,2024-12-19,324,Dark Factory RP is a lighthearted comedic experience full of silly gags and chaos on Roblox.
game_1469,Royal Factory RP,Military,Mobile,0.811,2022-08-02,93916,"Royal Factory RP is a military roleplay of service, vehicles, and squad tactics on Roblox."
game_1470,Cosmic Factory RP,Scary,Mobile,0.652,2026-01-12,5059,Cosmic Factory RP is a jump-scare driven horror romp through haunted locations on Roblox.
game_1471,Tiny Factory RP,Simulation,PC,0.809,2025-01-11,41,"Tiny Factory RP is a life-sim experience where you build, decorate, and manage your own world on Roblox."
game_1472,Giant Factory RP,Adventure,PC,0.582,2021-10-20,703,"Giant Factory RP is an open-world adventure packed with quests, treasures, and exploration on Roblox."
game_1473,Savage Factory RP,Horror,PC,0.746,2022-01-18,37,Savage Factory RP is a tense horror escape where you survive what lurks in the dark on Roblox.
game_1474,Frozen Factory RP,Strategy,PlayStation,0.978,2023-07-07,320,Frozen Factory RP is a deep strategy title where planning and positioning win the day on Roblox.
game_1475,Burning Factory RP,FPS,Mobile,0.81,2020-10-19,286,Burning Factory RP is a fast-paced shooter with satisfying gunplay and competitive modes on Roblox.
game_1476,Golden Factory RP,RPG,PC,0.583,2023-10-05,909,"Golden Factory RP is an RPG with classes, leveling, and loot-driven progression on Roblox."
game_1477,Shadow Factory RP,Fighting,PC,0.692,2025-10-17,102,"Shadow Factory RP is a combat arena focused on combos, timing, and character mastery on Roblox."
game_1478,Turbo Factory RP,Racing,PC,0.713,2024-01-16,550,Turbo Factory RP is a racing game with licensed-style vehicles and drift mechanics on Roblox.
game_1479,Hyper Factory RP,Sports,PC,0.591,2021-01-16,2707,"Hyper Factory RP is a sports sim with team play, physics, and ranked seasons on Roblox."
game_1480,Pixel Factory RP,Tycoon,PC,0.811,2023-06-30,1444,Pixel Factory RP is a tycoon builder where you grow a business from scratch to a fortune on Roblox.
game_1481,Mega Island RP,Obby,Xbox,0.755,2022-01-07,690,Mega Island RP is a platforming obstacle course testing precision and patience on Roblox.
game_1482,Ultra Island RP,Social,PC,0.794,2022-04-15,371,"Ultra Island RP is a hangout hub for chatting, roleplay, and mini-games with friends on Roblox."
game_1483,Epic Island RP,Sandbox,PC,0.854,2022-05-20,26457,Epic Island RP is a physics sandbox for building and tinkering with anything on Roblox.
game_1484,Super Island RP,Puzzle,PC,0.739,2024-06-25,3033,Super Island RP is a brain-teasing puzzle game with escalating logic challenges on Roblox.
game_1485,Mystic Island RP,Survival,PC,0.774,2021-09-26,972,"Mystic Island RP is a survival challenge against disasters, hunters, or the elements on Roblox."
game_1486,Neon Island RP,Tower Defense,Mobile,0.957,2025-07-23,4956,Neon Island RP is a tower-defense battleground to place units and repel waves on Roblox.
game_1487,Cyber Island RP,Anime,PC,0.583,2025-08-23,623,"Cyber Island RP is an anime-inspired battler with powers, quests, and transformations on Roblox."
game_1488,Dark Island RP,Mystery,PC,0.87,2025-08-02,79,Dark Island RP is a social-deduction mystery where you find the culprit before it's you on Roblox.
game_1489,Royal Island RP,Comedy,Mobile,0.841,2021-10-12,938,Royal Island RP is a lighthearted comedic experience full of silly gags and chaos on Roblox.
game_1490,Cosmic Island RP,Military,PlayStation,0.724,2025-02-19,150,"Cosmic Island RP is a military roleplay of service, vehicles, and squad tactics on Roblox."
game_1491,Tiny Island RP,Scary,Mobile,0.655,2022-08-31,7915,Tiny Island RP is a jump-scare driven horror romp through haunted locations on Roblox.
game_1492,Giant Island RP,Simulation,Mobile,0.811,2026-01-22,10019,"Giant Island RP is a life-sim experience where you build, decorate, and manage your own world on Roblox."
game_1493,Savage Island RP,Adventure,PlayStation,0.939,2020-08-30,63401,"Savage Island RP is an open-world adventure packed with quests, treasures, and exploration on Roblox."
game_1494,Frozen Island RP,Horror,PC,0.96,2022-07-28,719,Frozen Island RP is a tense horror escape where you survive what lurks in the dark on Roblox.
game_1495,Burning Island RP,Strategy,PC,0.695,2025-04-07,645,Burning Island RP is a deep strategy title where planning and positioning win the day on Roblox.
game_1496,Golden Island RP,FPS,Mobile,0.676,2021-02-12,4373,Golden Island RP is a fast-paced shooter with satisfying gunplay and competitive modes on Roblox.
game_1497,Shadow Island RP,RPG,PC,0.947,2024-02-05,4990,"Shadow Island RP is an RPG with classes, leveling, and loot-driven progression on Roblox."
game_1498,Turbo Island RP,Fighting,PlayStation,0.952,2026-02-19,14783,"Turbo Island RP is a combat arena focused on combos, timing, and character mastery on Roblox."
game_1499,Hyper Island RP,Racing,Xbox,0.702,2023-03-10,88,Hyper Island RP is a racing game with licensed-style vehicles and drift mechanics on Roblox.
game_1500,Pixel Island RP,Sports,PC,0.554,2022-07-23,4088,"Pixel Island RP is a sports sim with team play, physics, and ranked seasons on Roblox."
game_1501,Mega Castle RP,Tycoon,PC,0.727,2024-10-23,188,Mega Castle RP is a tycoon builder where you grow a business from scratch to a fortune on Roblox.
game_1502,Ultra Castle RP,Obby,Xbox,0.679,2022-05-03,300,Ultra Castle RP is a platforming obstacle course testing precision and patience on Roblox.
game_1503,Epic Castle RP,Social,PC,0.62,2021-08-10,161,"Epic Castle RP is a hangout hub for chatting, roleplay, and mini-games with friends on Roblox."
game_1504,Super Castle RP,Sandbox,PC,0.598,2024-04-23,826,Super Castle RP is a physics sandbox for building and tinkering with anything on Roblox.
game_1505,Mystic Castle RP,Puzzle,PC,0.937,2022-10-27,193,Mystic Castle RP is a brain-teasing puzzle game with escalating logic challenges on Roblox.
game_1506,Neon Castle RP,Survival,PC,0.601,2023-07-22,224,"Neon Castle RP is a survival challenge against disasters, hunters, or the elements on Roblox."
game_1507,Cyber Castle RP,Tower Defense,Mobile,0.69,2025-02-08,1055,Cyber Castle RP is a tower-defense battleground to place units and repel waves on Roblox.
game_1508,Dark Castle RP,Anime,Xbox,0.607,2022-03-05,8987,"Dark Castle RP is an anime-inspired battler with powers, quests, and transformations on Roblox."
game_1509,Royal Castle RP,Mystery,PlayStation,0.765,2022-09-04,2750,Royal Castle RP is a social-deduction mystery where you find the culprit before it's you on Roblox.
game_1510,Cosmic Castle RP,Comedy,Xbox,0.735,2022-09-12,115,Cosmic Castle RP is a lighthearted comedic experience full of silly gags and chaos on Roblox.
game_1511,Tiny Castle RP,Military,Mobile,0.657,2021-09-22,571,"Tiny Castle RP is a military roleplay of service, vehicles, and squad tactics on Roblox."
game_1512,Giant Castle RP,Scary,PC,0.922,2025-03-30,1142,Giant Castle RP is a jump-scare driven horror romp through haunted locations on Roblox.
game_1513,Savage Castle RP,Simulation,PlayStation,0.754,2024-04-23,22,"Savage Castle RP is a life-sim experience where you build, decorate, and manage your own world on Roblox."
game_1514,Frozen Castle RP,Adventure,Xbox,0.649,2024-11-12,1596,"Frozen Castle RP is an open-world adventure packed with quests, treasures, and exploration on Roblox."
game_1515,Burning Castle RP,Horror,PC,0.589,2024-04-18,8544,Burning Castle RP is a tense horror escape where you survive what lurks in the dark on Roblox.
game_1516,Golden Castle RP,Strategy,PC,0.645,2023-12-10,759,Golden Castle RP is a deep strategy title where planning and positioning win the day on Roblox.
game_1517,Shadow Castle RP,FPS,PC,0.681,2025-12-15,134,Shadow Castle RP is a fast-paced shooter with satisfying gunplay and competitive modes on Roblox.
game_1518,Turbo Castle RP,RPG,PC,0.656,2021-11-05,433,"Turbo Castle RP is an RPG with classes, leveling, and loot-driven progression on Roblox."
game_1519,Hyper Castle RP,Fighting,Xbox,0.753,2023-05-03,2098,"Hyper Castle RP is a combat arena focused on combos, timing, and character mastery on Roblox."
game_1520,Pixel Castle RP,Racing,Xbox,0.706,2021-01-09,285,Pixel Castle RP is a racing game with licensed-style vehicles and drift mechanics on Roblox.
game_1521,Mega Dungeon RP,Sports,PC,0.705,2022-10-27,3070,"Mega Dungeon RP is a sports sim with team play, physics, and ranked seasons on Roblox."
game_1522,Ultra Dungeon RP,Tycoon,Xbox,0.652,2022-05-14,5552,Ultra Dungeon RP is a tycoon builder where you grow a business from scratch to a fortune on Roblox.
game_1523,Epic Dungeon RP,Obby,PC,0.606,2025-05-05,1413,Epic Dungeon RP is a platforming obstacle course testing precision and patience on Roblox.
game_1524,Super Dungeon RP,Social,Mobile,0.633,2024-05-25,88,"Super Dungeon RP is a hangout hub for chatting, roleplay, and mini-games with friends on Roblox."
game_1525,Mystic Dungeon RP,Sandbox,PC,0.976,2021-03-20,1750,Mystic Dungeon RP is a physics sandbox for building and tinkering with anything on Roblox.
game_1526,Neon Dungeon RP,Puzzle,PC,0.73,2024-05-20,2066,Neon Dungeon RP is a brain-teasing puzzle game with escalating logic challenges on Roblox.
game_1527,Cyber Dungeon RP,Survival,Mobile,0.935,2022-08-22,9515,"Cyber Dungeon RP is a survival challenge against disasters, hunters, or the elements on Roblox."
game_1528,Dark Dungeon RP,Tower Defense,PC,0.89,2020-11-19,142,Dark Dungeon RP is a tower-defense battleground to place units and repel waves on Roblox.
game_1529,Royal Dungeon RP,Anime,PC,0.968,2020-10-10,1065,"Royal Dungeon RP is an anime-inspired battler with powers, quests, and transformations on Roblox."
game_1530,Cosmic Dungeon RP,Mystery,PC,0.722,2022-02-27,3352,Cosmic Dungeon RP is a social-deduction mystery where you find the culprit before it's you on Roblox.
game_1531,Tiny Dungeon RP,Comedy,PC,0.805,2024-02-03,390,Tiny Dungeon RP is a lighthearted comedic experience full of silly gags and chaos on Roblox.
game_1532,Giant Dungeon RP,Military,PC,0.854,2020-11-19,12268,"Giant Dungeon RP is a military roleplay of service, vehicles, and squad tactics on Roblox."
game_1533,Savage Dungeon RP,Scary,Mobile,0.787,2023-07-11,548,Savage Dungeon RP is a jump-scare driven horror romp through haunted locations on Roblox.
game_1534,Frozen Dungeon RP,Simulation,PC,0.825,2026-02-04,213,"Frozen Dungeon RP is a life-sim experience where you build, decorate, and manage your own world on Roblox."
game_1535,Burning Dungeon RP,Adventure,PlayStation,0.826,2025-12-15,542,"Burning Dungeon RP is an open-world adventure packed with quests, treasures, and exploration on Roblox."
game_1536,Golden Dungeon RP,Horror,PC,0.829,2026-07-09,7386,Golden Dungeon RP is a tense horror escape where you survive what lurks in the dark on Roblox.
game_1537,Shadow Dungeon RP,Strategy,Mobile,0.86,2023-07-29,7472,Shadow Dungeon RP is a deep strategy title where planning and positioning win the day on Roblox.
game_1538,Turbo Dungeon RP,FPS,PC,0.819,2025-11-22,1725,Turbo Dungeon RP is a fast-paced shooter with satisfying gunplay and competitive modes on Roblox.
game_1539,Hyper Dungeon RP,RPG,PC,0.626,2023-05-26,251,"Hyper Dungeon RP is an RPG with classes, leveling, and loot-driven progression on Roblox."
game_1540,Pixel Dungeon RP,Fighting,PlayStation,0.861,2025-05-05,137624,"Pixel Dungeon RP is a combat arena focused on combos, timing, and character mastery on Roblox."
game_1541,Mega City RP,Racing,Mobile,0.901,2024-03-22,5693,Mega City RP is a racing game with licensed-style vehicles and drift mechanics on Roblox.
game_1542,Ultra City RP,Sports,PC,0.617,2022-02-06,240,"Ultra City RP is a sports sim with team play, physics, and ranked seasons on Roblox."
game_1543,Epic City RP,Tycoon,PC,0.59,2021-02-28,2933,Epic City RP is a tycoon builder where you grow a business from scratch to a fortune on Roblox.
game_1544,Super City RP,Obby,PC,0.828,2024-07-06,205,Super City RP is a platforming obstacle course testing precision and patience on Roblox.
game_1545,Mystic City RP,Social,PC,0.846,2022-02-11,355,"Mystic City RP is a hangout hub for chatting, roleplay, and mini-games with friends on Roblox."
game_1546,Neon City RP,Sandbox,PC,0.941,2021-06-07,199,Neon City RP is a physics sandbox for building and tinkering with anything on Roblox.
game_1547,Cyber City RP,Puzzle,PlayStation,0.809,2026-05-27,107,Cyber City RP is a brain-teasing puzzle game with escalating logic challenges on Roblox.
game_1548,Dark City RP,Survival,PC,0.607,2026-01-16,8383,"Dark City RP is a survival challenge against disasters, hunters, or the elements on Roblox."
game_1549,Royal City RP,Tower Defense,Xbox,0.962,2026-06-06,4094,Royal City RP is a tower-defense battleground to place units and repel waves on Roblox.
game_1550,Cosmic City RP,Anime,PC,0.637,2025-07-31,2920,"Cosmic City RP is an anime-inspired battler with powers, quests, and transformations on Roblox."
game_1551,Tiny City RP,Mystery,Mobile,0.682,2024-09-14,1495,Tiny City RP is a social-deduction mystery where you find the culprit before it's you on Roblox.
game_1552,Giant City RP,Comedy,Mobile,0.82,2023-07-15,234,Giant City RP is a lighthearted comedic experience full of silly gags and chaos on Roblox.
game_1553,Savage City RP,Military,PC,0.594,2023-03-17,2963,"Savage City RP is a military roleplay of service, vehicles, and squad tactics on Roblox."
game_1554,Frozen City RP,Scary,Xbox,0.613,2022-03-19,412,Frozen City RP is a jump-scare driven horror romp through haunted locations on Roblox.
game_1555,Burning City RP,Simulation,Mobile,0.761,2025-04-10,71,"Burning City RP is a life-sim experience where you build, decorate, and manage your own world on Roblox."
game_1556,Golden City RP,Adventure,PlayStation,0.601,2022-10-17,573,"Golden City RP is an open-world adventure packed with quests, treasures, and exploration on Roblox."
game_1557,Shadow City RP,Horror,PlayStation,0.808,2022-10-12,1554,Shadow City RP is a tense horror escape where you survive what lurks in the dark on Roblox.
game_1558,Turbo City RP,Strategy,Mobile,0.819,2023-02-25,61,Turbo City RP is a deep strategy title where planning and positioning win the day on Roblox.
game_1559,Hyper City RP,FPS,PC,0.835,2020-12-08,4508,Hyper City RP is a fast-paced shooter with satisfying gunplay and competitive modes on Roblox.
game_1560,Pixel City RP,RPG,PlayStation,0.889,2025-09-05,21041,"Pixel City RP is an RPG with classes, leveling, and loot-driven progression on Roblox."
game_1561,Mega Kingdom RP,Fighting,Xbox,0.86,2021-07-11,351,"Mega Kingdom RP is a combat arena focused on combos, timing, and character mastery on Roblox."
game_1562,Ultra Kingdom RP,Racing,Xbox,0.963,2021-09-28,1029,Ultra Kingdom RP is a racing game with licensed-style vehicles and drift mechanics on Roblox.
game_1563,Epic Kingdom RP,Sports,PC,0.763,2022-12-15,265,"Epic Kingdom RP is a sports sim with team play, physics, and ranked seasons on Roblox."
game_1564,Super Kingdom RP,Tycoon,Mobile,0.715,2023-10-11,1694,Super Kingdom RP is a tycoon builder where you grow a business from scratch to a fortune on Roblox.
game_1565,Mystic Kingdom RP,Obby,Mobile,0.715,2023-12-15,1352,Mystic Kingdom RP is a platforming obstacle course testing precision and patience on Roblox.
game_1566,Neon Kingdom RP,Social,Mobile,0.852,2024-01-28,659,"Neon Kingdom RP is a hangout hub for chatting, roleplay, and mini-games with friends on Roblox."
game_1567,Cyber Kingdom RP,Sandbox,PC,0.677,2024-12-21,171,Cyber Kingdom RP is a physics sandbox for building and tinkering with anything on Roblox.
game_1568,Dark Kingdom RP,Puzzle,PC,0.574,2024-01-07,4896,Dark Kingdom RP is a brain-teasing puzzle game with escalating logic challenges on Roblox.
game_1569,Royal Kingdom RP,Survival,PC,0.71,2021-10-09,776,"Royal Kingdom RP is a survival challenge against disasters, hunters, or the elements on Roblox."
game_1570,Cosmic Kingdom RP,Tower Defense,Mobile,0.563,2024-10-05,1776,Cosmic Kingdom RP is a tower-defense battleground to place units and repel waves on Roblox.
game_1571,Tiny Kingdom RP,Anime,PC,0.879,2024-11-08,3039,"Tiny Kingdom RP is an anime-inspired battler with powers, quests, and transformations on Roblox."
game_1572,Giant Kingdom RP,Mystery,Mobile,0.752,2023-03-06,135,Giant Kingdom RP is a social-deduction mystery where you find the culprit before it's you on Roblox.
game_1573,Savage Kingdom RP,Comedy,Mobile,0.673,2026-05-21,711,Savage Kingdom RP is a lighthearted comedic experience full of silly gags and chaos on Roblox.
game_1574,Frozen Kingdom RP,Military,PC,0.72,2026-05-31,4393,"Frozen Kingdom RP is a military roleplay of service, vehicles, and squad tactics on Roblox."
game_1575,Burning Kingdom RP,Scary,PC,0.945,2023-08-23,10452,Burning Kingdom RP is a jump-scare driven horror romp through haunted locations on Roblox.
game_1576,Golden Kingdom RP,Simulation,Mobile,0.667,2024-10-10,2972,"Golden Kingdom RP is a life-sim experience where you build, decorate, and manage your own world on Roblox."
game_1577,Shadow Kingdom RP,Adventure,PC,0.644,2025-11-27,3337,"Shadow Kingdom RP is an open-world adventure packed with quests, treasures, and exploration on Roblox."
game_1578,Turbo Kingdom RP,Horror,PC,0.901,2025-09-01,5075,Turbo Kingdom RP is a tense horror escape where you survive what lurks in the dark on Roblox.
game_1579,Hyper Kingdom RP,Strategy,Mobile,0.621,2022-04-08,261,Hyper Kingdom RP is a deep strategy title where planning and positioning win the day on Roblox.
game_1580,Pixel Kingdom RP,FPS,Xbox,0.595,2025-04-26,1807,Pixel Kingdom RP is a fast-paced shooter with satisfying gunplay and competitive modes on Roblox.
game_1581,Mega Frontier RP,RPG,PC,0.671,2023-11-06,3468,"Mega Frontier RP is an RPG with classes, leveling, and loot-driven progression on Roblox."
game_1582,Ultra Frontier RP,Fighting,Mobile,0.631,2023-01-25,56,"Ultra Frontier RP is a combat arena focused on combos, timing, and character mastery on Roblox."
game_1583,Epic Frontier RP,Racing,PC,0.97,2025-07-31,5170,Epic Frontier RP is a racing game with licensed-style vehicles and drift mechanics on Roblox.
game_1584,Super Frontier RP,Sports,Mobile,0.571,2026-01-08,2525,"Super Frontier RP is a sports sim with team play, physics, and ranked seasons on Roblox."
game_1585,Mystic Frontier RP,Tycoon,PC,0.862,2022-02-25,1097,Mystic Frontier RP is a tycoon builder where you grow a business from scratch to a fortune on Roblox.
game_1586,Neon Frontier RP,Obby,PlayStation,0.935,2021-12-19,2030,Neon Frontier RP is a platforming obstacle course testing precision and patience on Roblox.
game_1587,Cyber Frontier RP,Social,Mobile,0.802,2026-04-08,1126,"Cyber Frontier RP is a hangout hub for chatting, roleplay, and mini-games with friends on Roblox."
game_1588,Dark Frontier RP,Sandbox,PC,0.619,2023-04-13,5442,Dark Frontier RP is a physics sandbox for building and tinkering with anything on Roblox.
game_1589,Royal Frontier RP,Puzzle,Mobile,0.93,2023-12-09,49,Royal Frontier RP is a brain-teasing puzzle game with escalating logic challenges on Roblox.
game_1590,Cosmic Frontier RP,Survival,Xbox,0.977,2024-09-23,6844,"Cosmic Frontier RP is a survival challenge against disasters, hunters, or the elements on Roblox."
game_1591,Tiny Frontier RP,Tower Defense,Mobile,0.888,2021-07-08,1445,Tiny Frontier RP is a tower-defense battleground to place units and repel waves on Roblox.
game_1592,Giant Frontier RP,Anime,PC,0.567,2021-09-14,76,"Giant Frontier RP is an anime-inspired battler with powers, quests, and transformations on Roblox."
game_1593,Savage Frontier RP,Mystery,Mobile,0.962,2025-09-10,2121,Savage Frontier RP is a social-deduction mystery where you find the culprit before it's you on Roblox.
game_1594,Frozen Frontier RP,Comedy,Mobile,0.765,2025-07-22,21,Frozen Frontier RP is a lighthearted comedic experience full of silly gags and chaos on Roblox.
game_1595,Burning Frontier RP,Military,PC,0.67,2025-10-08,302,"Burning Frontier RP is a military roleplay of service, vehicles, and squad tactics on Roblox."
game_1596,Golden Frontier RP,Scary,PC,0.661,2021-05-14,277,Golden Frontier RP is a jump-scare driven horror romp through haunted locations on Roblox.
game_1597,Shadow Frontier RP,Simulation,Mobile,0.968,2025-02-22,1772,"Shadow Frontier RP is a life-sim experience where you build, decorate, and manage your own world on Roblox."
game_1598,Turbo Frontier RP,Adventure,Mobile,0.919,2021-12-12,648,"Turbo Frontier RP is an open-world adventure packed with quests, treasures, and exploration on Roblox."
game_1599,Hyper Frontier RP,Horror,Xbox,0.711,2023-01-07,219,Hyper Frontier RP is a tense horror escape where you survive what lurks in the dark on Roblox.
game_1600,Pixel Frontier RP,Strategy,Mobile,0.817,2026-01-21,1121,Pixel Frontier RP is a deep strategy title where planning and positioning win the day on Roblox.
game_1601,Mega Saga RP,FPS,Mobile,0.616,2026-06-12,2633,Mega Saga RP is a fast-paced shooter with satisfying gunplay and competitive modes on Roblox.
game_1602,Ultra Saga RP,RPG,PC,0.646,2025-09-19,496,"Ultra Saga RP is an RPG with classes, leveling, and loot-driven progression on Roblox."
game_1603,Epic Saga RP,Fighting,Xbox,0.826,2021-04-13,2237,"Epic Saga RP is a combat arena focused on combos, timing, and character mastery on Roblox."
game_1604,Super Saga RP,Racing,Xbox,0.945,2025-04-27,986,Super Saga RP is a racing game with licensed-style vehicles and drift mechanics on Roblox.
game_1605,Mystic Saga RP,Sports,PlayStation,0.578,2022-11-06,2750,"Mystic Saga RP is a sports sim with team play, physics, and ranked seasons on Roblox."
game_1606,Neon Saga RP,Tycoon,PC,0.599,2021-03-12,1577,Neon Saga RP is a tycoon builder where you grow a business from scratch to a fortune on Roblox.
game_1607,Cyber Saga RP,Obby,PC,0.825,2024-11-25,12140,Cyber Saga RP is a platforming obstacle course testing precision and patience on Roblox.
game_1608,Dark Saga RP,Social,PC,0.89,2022-06-25,6,"Dark Saga RP is a hangout hub for chatting, roleplay, and mini-games with friends on Roblox."
game_1609,Royal Saga RP,Sandbox,PlayStation,0.96,2026-04-12,404,Royal Saga RP is a physics sandbox for building and tinkering with anything on Roblox.
game_1610,Cosmic Saga RP,Puzzle,Mobile,0.611,2025-08-06,193,Cosmic Saga RP is a brain-teasing puzzle game with escalating logic challenges on Roblox.
game_1611,Tiny Saga RP,Survival,PC,0.838,2024-02-19,871,"Tiny Saga RP is a survival challenge against disasters, hunters, or the elements on Roblox."
game_1612,Giant Saga RP,Tower Defense,PC,0.621,2023-03-16,5857,Giant Saga RP is a tower-defense battleground to place units and repel waves on Roblox.
game_1613,Savage Saga RP,Anime,PC,0.965,2024-09-24,718,"Savage Saga RP is an anime-inspired battler with powers, quests, and transformations on Roblox."
game_1614,Frozen Saga RP,Mystery,PC,0.791,2026-06-04,15301,Frozen Saga RP is a social-deduction mystery where you find the culprit before it's you on Roblox.
game_1615,Burning Saga RP,Comedy,Xbox,0.689,2024-11-29,55,Burning Saga RP is a lighthearted comedic experience full of silly gags and chaos on Roblox.
game_1616,Golden Saga RP,Military,PlayStation,0.935,2024-11-05,2837,"Golden Saga RP is a military roleplay of service, vehicles, and squad tactics on Roblox."
game_1617,Shadow Saga RP,Scary,PlayStation,0.663,2021-12-23,1094,Shadow Saga RP is a jump-scare driven horror romp through haunted locations on Roblox.
game_1618,Turbo Saga RP,Simulation,Mobile,0.566,2025-06-10,16018,"Turbo Saga RP is a life-sim experience where you build, decorate, and manage your own world on Roblox."
game_1619,Hyper Saga RP,Adventure,Mobile,0.808,2024-09-02,65,"Hyper Saga RP is an open-world adventure packed with quests, treasures, and exploration on Roblox."
game_1620,Pixel Saga RP,Horror,PC,0.709,2026-05-17,409,Pixel Saga RP is a tense horror escape where you survive what lurks in the dark on Roblox.
game_1621,Mega Tower RP,Strategy,PC,0.851,2025-02-19,500,Mega Tower RP is a deep strategy title where planning and positioning win the day on Roblox.
game_1622,Ultra Tower RP,FPS,Mobile,0.906,2022-08-02,893,Ultra Tower RP is a fast-paced shooter with satisfying gunplay and competitive modes on Roblox.
game_1623,Epic Tower RP,RPG,PC,0.747,2024-07-24,7779,"Epic Tower RP is an RPG with classes, leveling, and loot-driven progression on Roblox."
game_1624,Super Tower RP,Fighting,PC,0.714,2021-08-24,1303,"Super Tower RP is a combat arena focused on combos, timing, and character mastery on Roblox."
game_1625,Mystic Tower RP,Racing,Xbox,0.852,2023-05-11,2751,Mystic Tower RP is a racing game with licensed-style vehicles and drift mechanics on Roblox.
game_1626,Neon Tower RP,Sports,PlayStation,0.822,2025-06-01,6793,"Neon Tower RP is a sports sim with team play, physics, and ranked seasons on Roblox."
game_1627,Cyber Tower RP,Tycoon,Mobile,0.641,2021-10-26,13720,Cyber Tower RP is a tycoon builder where you grow a business from scratch to a fortune on Roblox.
game_1628,Dark Tower RP,Obby,Xbox,0.959,2021-04-08,1286,Dark Tower RP is a platforming obstacle course testing precision and patience on Roblox.
game_1629,Royal Tower RP,Social,PC,0.553,2022-02-04,4935,"Royal Tower RP is a hangout hub for chatting, roleplay, and mini-games with friends on Roblox."
game_1630,Cosmic Tower RP,Sandbox,PC,0.682,2023-07-27,380,Cosmic Tower RP is a physics sandbox for building and tinkering with anything on Roblox.
game_1631,Tiny Tower RP,Puzzle,Xbox,0.694,2022-12-22,1340,Tiny Tower RP is a brain-teasing puzzle game with escalating logic challenges on Roblox.
game_1632,Giant Tower RP,Survival,PlayStation,0.605,2021-09-21,11073,"Giant Tower RP is a survival challenge against disasters, hunters, or the elements on Roblox."
game_1633,Savage Tower RP,Tower Defense,Mobile,0.649,2021-08-18,10918,Savage Tower RP is a tower-defense battleground to place units and repel waves on Roblox.
game_1634,Frozen Tower RP,Anime,Mobile,0.91,2023-08-14,1552,"Frozen Tower RP is an anime-inspired battler with powers, quests, and transformations on Roblox."
game_1635,Burning Tower RP,Mystery,PC,0.738,2026-03-31,640,Burning Tower RP is a social-deduction mystery where you find the culprit before it's you on Roblox.
game_1636,Golden Tower RP,Comedy,Mobile,0.796,2025-08-26,1427,Golden Tower RP is a lighthearted comedic experience full of silly gags and chaos on Roblox.
game_1637,Shadow Tower RP,Military,PC,0.653,2024-06-10,5764,"Shadow Tower RP is a military roleplay of service, vehicles, and squad tactics on Roblox."
game_1638,Turbo Tower RP,Scary,Xbox,0.862,2023-10-14,330,Turbo Tower RP is a jump-scare driven horror romp through haunted locations on Roblox.
game_1639,Hyper Tower RP,Simulation,Xbox,0.668,2025-12-15,697,"Hyper Tower RP is a life-sim experience where you build, decorate, and manage your own world on Roblox."
game_1640,Pixel Tower RP,Adventure,PlayStation,0.598,2025-05-17,2885,"Pixel Tower RP is an open-world adventure packed with quests, treasures, and exploration on Roblox."
game_1641,Mega Base RP,Horror,PlayStation,0.935,2023-08-06,328,Mega Base RP is a tense horror escape where you survive what lurks in the dark on Roblox.
game_1642,Ultra Base RP,Strategy,PC,0.718,2024-03-15,1069,Ultra Base RP is a deep strategy title where planning and positioning win the day on Roblox.
game_1643,Epic Base RP,FPS,Mobile,0.822,2023-01-07,2497,Epic Base RP is a fast-paced shooter with satisfying gunplay and competitive modes on Roblox.
game_1644,Super Base RP,RPG,PC,0.834,2024-07-13,291,"Super Base RP is an RPG with classes, leveling, and loot-driven progression on Roblox."
game_1645,Mystic Base RP,Fighting,Mobile,0.977,2022-09-09,3305,"Mystic Base RP is a combat arena focused on combos, timing, and character mastery on Roblox."
game_1646,Neon Base RP,Racing,Mobile,0.774,2024-10-04,2186,Neon Base RP is a racing game with licensed-style vehicles and drift mechanics on Roblox.
game_1647,Cyber Base RP,Sports,PC,0.773,2026-04-11,78,"Cyber Base RP is a sports sim with team play, physics, and ranked seasons on Roblox."
game_1648,Dark Base RP,Tycoon,Xbox,0.563,2024-02-07,321,Dark Base RP is a tycoon builder where you grow a business from scratch to a fortune on Roblox.
game_1649,Royal Base RP,Obby,PC,0.96,2024-04-19,267,Royal Base RP is a platforming obstacle course testing precision and patience on Roblox.
game_1650,Cosmic Base RP,Social,PC,0.738,2020-12-22,1339,"Cosmic Base RP is a hangout hub for chatting, roleplay, and mini-games with friends on Roblox."
game_1651,Tiny Base RP,Sandbox,PlayStation,0.845,2024-04-25,5145,Tiny Base RP is a physics sandbox for building and tinkering with anything on Roblox.
game_1652,Giant Base RP,Puzzle,Xbox,0.621,2023-01-15,407,Giant Base RP is a brain-teasing puzzle game with escalating logic challenges on Roblox.
game_1653,Savage Base RP,Survival,PC,0.732,2021-07-13,3215,"Savage Base RP is a survival challenge against disasters, hunters, or the elements on Roblox."
game_1654,Frozen Base RP,Tower Defense,Mobile,0.735,2022-03-29,10931,Frozen Base RP is a tower-defense battleground to place units and repel waves on Roblox.
game_1655,Burning Base RP,Anime,Mobile,0.743,2025-10-24,427,"Burning Base RP is an anime-inspired battler with powers, quests, and transformations on Roblox."
game_1656,Golden Base RP,Mystery,Xbox,0.676,2021-12-09,5904,Golden Base RP is a social-deduction mystery where you find the culprit before it's you on Roblox.
game_1657,Shadow Base RP,Comedy,Xbox,0.898,2024-07-08,721,Shadow Base RP is a lighthearted comedic experience full of silly gags and chaos on Roblox.
game_1658,Turbo Base RP,Military,PC,0.832,2024-02-14,349,"Turbo Base RP is a military roleplay of service, vehicles, and squad tactics on Roblox."
game_1659,Hyper Base RP,Scary,PC,0.846,2022-12-18,2628,Hyper Base RP is a jump-scare driven horror romp through haunted locations on Roblox.
game_1660,Pixel Base RP,Simulation,Mobile,0.936,2022-12-05,178,"Pixel Base RP is a life-sim experience where you build, decorate, and manage your own world on Roblox."
game_1661,Mega Station RP,Adventure,Mobile,0.644,2020-08-15,498,"Mega Station RP is an open-world adventure packed with quests, treasures, and exploration on Roblox."
game_1662,Ultra Station RP,Horror,Mobile,0.843,2021-10-21,14293,Ultra Station RP is a tense horror escape where you survive what lurks in the dark on Roblox.
game_1663,Epic Station RP,Strategy,PC,0.895,2025-12-23,3206,Epic Station RP is a deep strategy title where planning and positioning win the day on Roblox.
game_1664,Super Station RP,FPS,Mobile,0.745,2025-02-21,11216,Super Station RP is a fast-paced shooter with satisfying gunplay and competitive modes on Roblox.
game_1665,Mystic Station RP,RPG,Mobile,0.673,2026-04-18,1521,"Mystic Station RP is an RPG with classes, leveling, and loot-driven progression on Roblox."
game_1666,Neon Station RP,Fighting,Mobile,0.566,2022-01-07,5318,"Neon Station RP is a combat arena focused on combos, timing, and character mastery on Roblox."
game_1667,Cyber Station RP,Racing,Mobile,0.58,2026-05-09,1229,Cyber Station RP is a racing game with licensed-style vehicles and drift mechanics on Roblox.
game_1668,Dark Station RP,Sports,PC,0.686,2023-06-15,22035,"Dark Station RP is a sports sim with team play, physics, and ranked seasons on Roblox."
game_1669,Royal Station RP,Tycoon,PC,0.849,2023-03-10,1077,Royal Station RP is a tycoon builder where you grow a business from scratch to a fortune on Roblox.
game_1670,Cosmic Station RP,Obby,PC,0.563,2025-05-20,208,Cosmic Station RP is a platforming obstacle course testing precision and patience on Roblox.
game_1671,Tiny Station RP,Social,PC,0.647,2021-08-25,231,"Tiny Station RP is a hangout hub for chatting, roleplay, and mini-games with friends on Roblox."
game_1672,Giant Station RP,Sandbox,PC,0.952,2026-06-24,29054,Giant Station RP is a physics sandbox for building and tinkering with anything on Roblox.
game_1673,Savage Station RP,Puzzle,Xbox,0.571,2025-04-17,51,Savage Station RP is a brain-teasing puzzle game with escalating logic challenges on Roblox.
game_1674,Frozen Station RP,Survival,PC,0.666,2022-04-12,137,"Frozen Station RP is a survival challenge against disasters, hunters, or the elements on Roblox."
game_1675,Burning Station RP,Tower Defense,PC,0.687,2025-02-12,173,Burning Station RP is a tower-defense battleground to place units and repel waves on Roblox.
game_1676,Golden Station RP,Anime,PC,0.824,2021-11-25,5120,"Golden Station RP is an anime-inspired battler with powers, quests, and transformations on Roblox."
game_1677,Shadow Station RP,Mystery,Mobile,0.834,2021-03-05,1186,Shadow Station RP is a social-deduction mystery where you find the culprit before it's you on Roblox.
game_1678,Turbo Station RP,Comedy,PlayStation,0.589,2024-01-01,178,Turbo Station RP is a lighthearted comedic experience full of silly gags and chaos on Roblox.
game_1679,Hyper Station RP,Military,Xbox,0.834,2023-10-26,2688,"Hyper Station RP is a military roleplay of service, vehicles, and squad tactics on Roblox."
game_1680,Pixel Station RP,Scary,Mobile,0.576,2020-12-27,456,Pixel Station RP is a jump-scare driven horror romp through haunted locations on Roblox.
game_1681,Mega Realm RP,Simulation,PC,0.9,2024-03-12,421,"Mega Realm RP is a life-sim experience where you build, decorate, and manage your own world on Roblox."
game_1682,Ultra Realm RP,Adventure,Xbox,0.855,2023-01-14,1159,"Ultra Realm RP is an open-world adventure packed with quests, treasures, and exploration on Roblox."
game_1683,Epic Realm RP,Horror,Mobile,0.644,2025-01-28,3189,Epic Realm RP is a tense horror escape where you survive what lurks in the dark on Roblox.
game_1684,Super Realm RP,Strategy,PC,0.58,2024-06-05,1297,Super Realm RP is a deep strategy title where planning and positioning win the day on Roblox.
game_1685,Mystic Realm RP,FPS,PC,0.927,2021-05-13,1388,Mystic Realm RP is a fast-paced shooter with satisfying gunplay and competitive modes on Roblox.
game_1686,Neon Realm RP,RPG,Mobile,0.601,2023-07-23,2469,"Neon Realm RP is an RPG with classes, leveling, and loot-driven progression on Roblox."
game_1687,Cyber Realm RP,Fighting,Mobile,0.766,2022-01-31,660,"Cyber Realm RP is a combat arena focused on combos, timing, and character mastery on Roblox."
game_1688,Dark Realm RP,Racing,Mobile,0.571,2025-06-09,203,Dark Realm RP is a racing game with licensed-style vehicles and drift mechanics on Roblox.
game_1689,Royal Realm RP,Sports,PC,0.723,2024-05-30,4710,"Royal Realm RP is a sports sim with team play, physics, and ranked seasons on Roblox."
game_1690,Cosmic Realm RP,Tycoon,Mobile,0.597,2021-09-03,1287,Cosmic Realm RP is a tycoon builder where you grow a business from scratch to a fortune on Roblox.
game_1691,Tiny Realm RP,Obby,PC,0.573,2025-03-30,505,Tiny Realm RP is a platforming obstacle course testing precision and patience on Roblox.
game_1692,Giant Realm RP,Social,PC,0.668,2025-05-27,551,"Giant Realm RP is a hangout hub for chatting, roleplay, and mini-games with friends on Roblox."
game_1693,Savage Realm RP,Sandbox,Xbox,0.594,2022-02-16,2750,Savage Realm RP is a physics sandbox for building and tinkering with anything on Roblox.
game_1694,Frozen Realm RP,Puzzle,Mobile,0.624,2024-03-24,4553,Frozen Realm RP is a brain-teasing puzzle game with escalating logic challenges on Roblox.
game_1695,Burning Realm RP,Survival,PC,0.866,2023-04-22,3934,"Burning Realm RP is a survival challenge against disasters, hunters, or the elements on Roblox."
game_1696,Golden Realm RP,Tower Defense,PC,0.868,2021-03-10,1129,Golden Realm RP is a tower-defense battleground to place units and repel waves on Roblox.
game_1697,Shadow Realm RP,Anime,Xbox,0.622,2025-10-03,2042,"Shadow Realm RP is an anime-inspired battler with powers, quests, and transformations on Roblox."
game_1698,Turbo Realm RP,Mystery,PC,0.734,2021-03-19,42,Turbo Realm RP is a social-deduction mystery where you find the culprit before it's you on Roblox.
game_1699,Hyper Realm RP,Comedy,PC,0.805,2026-06-05,25,Hyper Realm RP is a lighthearted comedic experience full of silly gags and chaos on Roblox.
game_1700,Pixel Realm RP,Military,PlayStation,0.753,2023-10-05,1713,"Pixel Realm RP is a military roleplay of service, vehicles, and squad tactics on Roblox."
game_1701,Mega World Clicker,Scary,PC,0.622,2020-11-22,520,Mega World Clicker is a jump-scare driven horror romp through haunted locations on Roblox.
game_1702,Ultra World Clicker,Simulation,PC,0.745,2022-10-09,220,"Ultra World Clicker is a life-sim experience where you build, decorate, and manage your own world on Roblox."
game_1703,Epic World Clicker,Adventure,Mobile,0.906,2026-05-20,1034,"Epic World Clicker is an open-world adventure packed with quests, treasures, and exploration on Roblox."
game_1704,Super World Clicker,Horror,PC,0.598,2021-02-07,425,Super World Clicker is a tense horror escape where you survive what lurks in the dark on Roblox.
game_1705,Mystic World Clicker,Strategy,Mobile,0.563,2020-12-13,1825,Mystic World Clicker is a deep strategy title where planning and positioning win the day on Roblox.
game_1706,Neon World Clicker,FPS,Mobile,0.87,2024-03-21,2818,Neon World Clicker is a fast-paced shooter with satisfying gunplay and competitive modes on Roblox.
game_1707,Cyber World Clicker,RPG,PC,0.625,2020-08-16,38,"Cyber World Clicker is an RPG with classes, leveling, and loot-driven progression on Roblox."
game_1708,Dark World Clicker,Fighting,Xbox,0.956,2021-11-08,589,"Dark World Clicker is a combat arena focused on combos, timing, and character mastery on Roblox."
game_1709,Royal World Clicker,Racing,PC,0.909,2022-09-07,145,Royal World Clicker is a racing game with licensed-style vehicles and drift mechanics on Roblox.
game_1710,Cosmic World Clicker,Sports,PC,0.674,2022-08-23,7120,"Cosmic World Clicker is a sports sim with team play, physics, and ranked seasons on Roblox."
game_1711,Tiny World Clicker,Tycoon,PlayStation,0.843,2021-04-21,1086,Tiny World Clicker is a tycoon builder where you grow a business from scratch to a fortune on Roblox.
game_1712,Giant World Clicker,Obby,Mobile,0.681,2024-09-16,297,Giant World Clicker is a platforming obstacle course testing precision and patience on Roblox.
game_1713,Savage World Clicker,Social,PC,0.573,2025-02-24,189,"Savage World Clicker is a hangout hub for chatting, roleplay, and mini-games with friends on Roblox."
game_1714,Frozen World Clicker,Sandbox,PC,0.571,2026-07-12,624,Frozen World Clicker is a physics sandbox for building and tinkering with anything on Roblox.
game_1715,Burning World Clicker,Puzzle,PC,0.96,2024-10-17,1251,Burning World Clicker is a brain-teasing puzzle game with escalating logic challenges on Roblox.
game_1716,Golden World Clicker,Survival,Mobile,0.802,2021-09-09,27,"Golden World Clicker is a survival challenge against disasters, hunters, or the elements on Roblox."
game_1717,Shadow World Clicker,Tower Defense,PC,0.657,2022-07-23,253,Shadow World Clicker is a tower-defense battleground to place units and repel waves on Roblox.
game_1718,Turbo World Clicker,Anime,Mobile,0.934,2025-06-08,652,"Turbo World Clicker is an anime-inspired battler with powers, quests, and transformations on Roblox."
game_1719,Hyper World Clicker,Mystery,PlayStation,0.842,2021-08-24,1513,Hyper World Clicker is a social-deduction mystery where you find the culprit before it's you on Roblox.
game_1720,Pixel World Clicker,Comedy,PC,0.658,2024-04-18,2159,Pixel World Clicker is a lighthearted comedic experience full of silly gags and chaos on Roblox.
game_1721,Mega Quest Clicker,Military,PC,0.794,2023-03-15,334,"Mega Quest Clicker is a military roleplay of service, vehicles, and squad tactics on Roblox."
game_1722,Ultra Quest Clicker,Scary,Mobile,0.591,2021-08-20,1341,Ultra Quest Clicker is a jump-scare driven horror romp through haunted locations on Roblox.
game_1723,Epic Quest Clicker,Simulation,Mobile,0.751,2022-07-11,3209,"Epic Quest Clicker is a life-sim experience where you build, decorate, and manage your own world on Roblox."
game_1724,Super Quest Clicker,Adventure,PC,0.942,2026-03-23,757,"Super Quest Clicker is an open-world adventure packed with quests, treasures, and exploration on Roblox."
game_1725,Mystic Quest Clicker,Horror,PC,0.815,2024-12-16,2448,Mystic Quest Clicker is a tense horror escape where you survive what lurks in the dark on Roblox.
game_1726,Neon Quest Clicker,Strategy,PC,0.817,2025-02-08,257,Neon Quest Clicker is a deep strategy title where planning and positioning win the day on Roblox.
game_1727,Cyber Quest Clicker,FPS,Xbox,0.749,2026-06-20,3241,Cyber Quest Clicker is a fast-paced shooter with satisfying gunplay and competitive modes on Roblox.
game_1728,Dark Quest Clicker,RPG,Xbox,0.574,2025-08-02,1491,"Dark Quest Clicker is an RPG with classes, leveling, and loot-driven progression on Roblox."
game_1729,Royal Quest Clicker,Fighting,Xbox,0.903,2025-06-11,2032,"Royal Quest Clicker is a combat arena focused on combos, timing, and character mastery on Roblox."
game_1730,Cosmic Quest Clicker,Racing,Mobile,0.868,2025-03-04,51822,Cosmic Quest Clicker is a racing game with licensed-style vehicles and drift mechanics on Roblox.
game_1731,Tiny Quest Clicker,Sports,Mobile,0.772,2024-03-27,2194,"Tiny Quest Clicker is a sports sim with team play, physics, and ranked seasons on Roblox."
game_1732,Giant Quest Clicker,Tycoon,Mobile,0.679,2024-10-19,22232,Giant Quest Clicker is a tycoon builder where you grow a business from scratch to a fortune on Roblox.
game_1733,Savage Quest Clicker,Obby,PC,0.579,2025-04-01,960,Savage Quest Clicker is a platforming obstacle course testing precision and patience on Roblox.
game_1734,Frozen Quest Clicker,Social,PC,0.638,2023-10-06,9620,"Frozen Quest Clicker is a hangout hub for chatting, roleplay, and mini-games with friends on Roblox."
game_1735,Burning Quest Clicker,Sandbox,Mobile,0.948,2025-11-29,5664,Burning Quest Clicker is a physics sandbox for building and tinkering with anything on Roblox.
game_1736,Golden Quest Clicker,Puzzle,PC,0.912,2023-11-25,1038,Golden Quest Clicker is a brain-teasing puzzle game with escalating logic challenges on Roblox.
game_1737,Shadow Quest Clicker,Survival,Mobile,0.736,2025-02-25,17513,"Shadow Quest Clicker is a survival challenge against disasters, hunters, or the elements on Roblox."
game_1738,Turbo Quest Clicker,Tower Defense,Mobile,0.755,2024-04-15,1846,Turbo Quest Clicker is a tower-defense battleground to place units and repel waves on Roblox.
game_1739,Hyper Quest Clicker,Anime,PC,0.716,2022-02-23,1034,"Hyper Quest Clicker is an anime-inspired battler with powers, quests, and transformations on Roblox."
game_1740,Pixel Quest Clicker,Mystery,Xbox,0.562,2024-11-15,645,Pixel Quest Clicker is a social-deduction mystery where you find the culprit before it's you on Roblox.
game_1741,Mega Adventure Clicker,Comedy,PC,0.565,2023-02-20,1310,Mega Adventure Clicker is a lighthearted comedic experience full of silly gags and chaos on Roblox.
game_1742,Ultra Adventure Clicker,Military,Mobile,0.964,2022-07-23,2384,"Ultra Adventure Clicker is a military roleplay of service, vehicles, and squad tactics on Roblox."
game_1743,Epic Adventure Clicker,Scary,Mobile,0.704,2024-10-04,2557,Epic Adventure Clicker is a jump-scare driven horror romp through haunted locations on Roblox.
game_1744,Super Adventure Clicker,Simulation,Xbox,0.718,2020-08-24,1111,"Super Adventure Clicker is a life-sim experience where you build, decorate, and manage your own world on Roblox."
game_1745,Mystic Adventure Clicker,Adventure,PC,0.748,2022-09-24,2122,"Mystic Adventure Clicker is an open-world adventure packed with quests, treasures, and exploration on Roblox."
game_1746,Neon Adventure Clicker,Horror,Xbox,0.798,2024-07-06,333,Neon Adventure Clicker is a tense horror escape where you survive what lurks in the dark on Roblox.
game_1747,Cyber Adventure Clicker,Strategy,PlayStation,0.85,2025-01-30,5393,Cyber Adventure Clicker is a deep strategy title where planning and positioning win the day on Roblox.
game_1748,Dark Adventure Clicker,FPS,Mobile,0.579,2022-01-03,1869,Dark Adventure Clicker is a fast-paced shooter with satisfying gunplay and competitive modes on Roblox.
game_1749,Royal Adventure Clicker,RPG,PC,0.765,2025-05-05,2519,"Royal Adventure Clicker is an RPG with classes, leveling, and loot-driven progression on Roblox."
game_1750,Cosmic Adventure Clicker,Fighting,Mobile,0.595,2023-11-18,584,"Cosmic Adventure Clicker is a combat arena focused on combos, timing, and character mastery on Roblox."
game_1751,Tiny Adventure Clicker,Racing,Xbox,0.947,2021-10-28,3031,Tiny Adventure Clicker is a racing game with licensed-style vehicles and drift mechanics on Roblox.
game_1752,Giant Adventure Clicker,Sports,PC,0.811,2022-05-03,3745,"Giant Adventure Clicker is a sports sim with team play, physics, and ranked seasons on Roblox."
game_1753,Savage Adventure Clicker,Tycoon,Xbox,0.712,2021-06-29,6079,Savage Adventure Clicker is a tycoon builder where you grow a business from scratch to a fortune on Roblox.
game_1754,Frozen Adventure Clicker,Obby,PlayStation,0.761,2023-09-14,1412,Frozen Adventure Clicker is a platforming obstacle course testing precision and patience on Roblox.
game_1755,Burning Adventure Clicker,Social,Mobile,0.9,2021-09-01,59,"Burning Adventure Clicker is a hangout hub for chatting, roleplay, and mini-games with friends on Roblox."
game_1756,Golden Adventure Clicker,Sandbox,Xbox,0.638,2025-06-15,145,Golden Adventure Clicker is a physics sandbox for building and tinkering with anything on Roblox.
game_1757,Shadow Adventure Clicker,Puzzle,Xbox,0.794,2021-12-16,5917,Shadow Adventure Clicker is a brain-teasing puzzle game with escalating logic challenges on Roblox.
game_1758,Turbo Adventure Clicker,Survival,Xbox,0.763,2020-08-11,276,"Turbo Adventure Clicker is a survival challenge against disasters, hunters, or the elements on Roblox."
game_1759,Hyper Adventure Clicker,Tower Defense,Xbox,0.703,2022-08-02,1582,Hyper Adventure Clicker is a tower-defense battleground to place units and repel waves on Roblox.
game_1760,Pixel Adventure Clicker,Anime,Xbox,0.795,2025-09-27,700,"Pixel Adventure Clicker is an anime-inspired battler with powers, quests, and transformations on Roblox."
game_1761,Mega Empire Clicker,Mystery,PC,0.649,2020-12-10,1155,Mega Empire Clicker is a social-deduction mystery where you find the culprit before it's you on Roblox.
game_1762,Ultra Empire Clicker,Comedy,Mobile,0.947,2023-04-14,603,Ultra Empire Clicker is a lighthearted comedic experience full of silly gags and chaos on Roblox.
game_1763,Epic Empire Clicker,Military,PC,0.966,2024-10-06,1995,"Epic Empire Clicker is a military roleplay of service, vehicles, and squad tactics on Roblox."
game_1764,Super Empire Clicker,Scary,PC,0.684,2020-12-04,4487,Super Empire Clicker is a jump-scare driven horror romp through haunted locations on Roblox.
game_1765,Mystic Empire Clicker,Simulation,Mobile,0.953,2021-04-02,3517,"Mystic Empire Clicker is a life-sim experience where you build, decorate, and manage your own world on Roblox."
game_1766,Neon Empire Clicker,Adventure,PlayStation,0.662,2021-10-22,1693,"Neon Empire Clicker is an open-world adventure packed with quests, treasures, and exploration on Roblox."
game_1767,Cyber Empire Clicker,Horror,PC,0.947,2022-11-02,2551,Cyber Empire Clicker is a tense horror escape where you survive what lurks in the dark on Roblox.
game_1768,Dark Empire Clicker,Strategy,Mobile,0.896,2025-09-19,4265,Dark Empire Clicker is a deep strategy title where planning and positioning win the day on Roblox.
game_1769,Royal Empire Clicker,FPS,Mobile,0.699,2026-02-20,6836,Royal Empire Clicker is a fast-paced shooter with satisfying gunplay and competitive modes on Roblox.
game_1770,Cosmic Empire Clicker,RPG,PC,0.932,2025-08-18,454,"Cosmic Empire Clicker is an RPG with classes, leveling, and loot-driven progression on Roblox."
game_1771,Tiny Empire Clicker,Fighting,Mobile,0.83,2024-01-04,126,"Tiny Empire Clicker is a combat arena focused on combos, timing, and character mastery on Roblox."
game_1772,Giant Empire Clicker,Racing,PC,0.559,2023-12-25,30,Giant Empire Clicker is a racing game with licensed-style vehicles and drift mechanics on Roblox.
game_1773,Savage Empire Clicker,Sports,PC,0.843,2022-04-13,58766,"Savage Empire Clicker is a sports sim with team play, physics, and ranked seasons on Roblox."
game_1774,Frozen Empire Clicker,Tycoon,Mobile,0.849,2022-04-21,1276,Frozen Empire Clicker is a tycoon builder where you grow a business from scratch to a fortune on Roblox.
game_1775,Burning Empire Clicker,Obby,PC,0.601,2021-08-16,868,Burning Empire Clicker is a platforming obstacle course testing precision and patience on Roblox.
game_1776,Golden Empire Clicker,Social,Mobile,0.738,2022-09-08,6056,"Golden Empire Clicker is a hangout hub for chatting, roleplay, and mini-games with friends on Roblox."
game_1777,Shadow Empire Clicker,Sandbox,PC,0.728,2023-12-27,183,Shadow Empire Clicker is a physics sandbox for building and tinkering with anything on Roblox.
game_1778,Turbo Empire Clicker,Puzzle,Mobile,0.976,2026-01-08,6777,Turbo Empire Clicker is a brain-teasing puzzle game with escalating logic challenges on Roblox.
game_1779,Hyper Empire Clicker,Survival,PC,0.574,2025-09-04,27451,"Hyper Empire Clicker is a survival challenge against disasters, hunters, or the elements on Roblox."
game_1780,Pixel Empire Clicker,Tower Defense,PC,0.979,2023-10-18,459,Pixel Empire Clicker is a tower-defense battleground to place units and repel waves on Roblox.
game_1781,Mega Legends Clicker,Anime,PC,0.583,2025-09-03,483,"Mega Legends Clicker is an anime-inspired battler with powers, quests, and transformations on Roblox."
game_1782,Ultra Legends Clicker,Mystery,PlayStation,0.936,2022-07-13,70,Ultra Legends Clicker is a social-deduction mystery where you find the culprit before it's you on Roblox.
game_1783,Epic Legends Clicker,Comedy,Xbox,0.885,2022-06-03,878,Epic Legends Clicker is a lighthearted comedic experience full of silly gags and chaos on Roblox.
game_1784,Super Legends Clicker,Military,PC,0.687,2023-07-15,2673,"Super Legends Clicker is a military roleplay of service, vehicles, and squad tactics on Roblox."
game_1785,Mystic Legends Clicker,Scary,Mobile,0.853,2021-12-05,208,Mystic Legends Clicker is a jump-scare driven horror romp through haunted locations on Roblox.
game_1786,Neon Legends Clicker,Simulation,Mobile,0.912,2024-12-30,513,"Neon Legends Clicker is a life-sim experience where you build, decorate, and manage your own world on Roblox."
game_1787,Cyber Legends Clicker,Adventure,Mobile,0.71,2025-02-27,331,"Cyber Legends Clicker is an open-world adventure packed with quests, treasures, and exploration on Roblox."
game_1788,Dark Legends Clicker,Horror,Xbox,0.96,2021-06-12,5193,Dark Legends Clicker is a tense horror escape where you survive what lurks in the dark on Roblox.
game_1789,Royal Legends Clicker,Strategy,PC,0.679,2022-03-24,3885,Royal Legends Clicker is a deep strategy title where planning and positioning win the day on Roblox.
game_1790,Cosmic Legends Clicker,FPS,PlayStation,0.715,2022-03-30,792,Cosmic Legends Clicker is a fast-paced shooter with satisfying gunplay and competitive modes on Roblox.
game_1791,Tiny Legends Clicker,RPG,PC,0.779,2021-09-13,407,"Tiny Legends Clicker is an RPG with classes, leveling, and loot-driven progression on Roblox."
game_1792,Giant Legends Clicker,Fighting,Mobile,0.898,2023-08-04,3141,"Giant Legends Clicker is a combat arena focused on combos, timing, and character mastery on Roblox."
game_1793,Savage Legends Clicker,Racing,Mobile,0.922,2021-09-01,3201,Savage Legends Clicker is a racing game with licensed-style vehicles and drift mechanics on Roblox.
game_1794,Frozen Legends Clicker,Sports,Xbox,0.919,2023-04-24,7250,"Frozen Legends Clicker is a sports sim with team play, physics, and ranked seasons on Roblox."
game_1795,Burning Legends Clicker,Tycoon,PlayStation,0.662,2020-09-18,867,Burning Legends Clicker is a tycoon builder where you grow a business from scratch to a fortune on Roblox.
game_1796,Golden Legends Clicker,Obby,PlayStation,0.587,2023-06-17,164,Golden Legends Clicker is a platforming obstacle course testing precision and patience on Roblox.
game_1797,Shadow Legends Clicker,Social,PC,0.567,2022-02-09,1309,"Shadow Legends Clicker is a hangout hub for chatting, roleplay, and mini-games with friends on Roblox."
game_1798,Turbo Legends Clicker,Sandbox,PC,0.603,2026-05-25,470,Turbo Legends Clicker is a physics sandbox for building and tinkering with anything on Roblox.
game_1799,Hyper Legends Clicker,Puzzle,Mobile,0.741,2024-07-12,562,Hyper Legends Clicker is a brain-teasing puzzle game with escalating logic challenges on Roblox.
game_1800,Pixel Legends Clicker,Survival,PC,0.726,2024-02-03,375,"Pixel Legends Clicker is a survival challenge against disasters, hunters, or the elements on Roblox."
game_1801,Mega Arena Clicker,Tower Defense,Mobile,0.627,2021-08-05,22549,Mega Arena Clicker is a tower-defense battleground to place units and repel waves on Roblox.
game_1802,Ultra Arena Clicker,Anime,Xbox,0.925,2024-11-20,68,"Ultra Arena Clicker is an anime-inspired battler with powers, quests, and transformations on Roblox."
game_1803,Epic Arena Clicker,Mystery,Mobile,0.844,2024-06-20,131,Epic Arena Clicker is a social-deduction mystery where you find the culprit before it's you on Roblox.
game_1804,Super Arena Clicker,Comedy,Xbox,0.576,2023-12-24,1378,Super Arena Clicker is a lighthearted comedic experience full of silly gags and chaos on Roblox.
game_1805,Mystic Arena Clicker,Military,Mobile,0.782,2022-07-28,450,"Mystic Arena Clicker is a military roleplay of service, vehicles, and squad tactics on Roblox."
game_1806,Neon Arena Clicker,Scary,PC,0.741,2020-11-06,484,Neon Arena Clicker is a jump-scare driven horror romp through haunted locations on Roblox.
game_1807,Cyber Arena Clicker,Simulation,Mobile,0.907,2022-05-15,375,"Cyber Arena Clicker is a life-sim experience where you build, decorate, and manage your own world on Roblox."
game_1808,Dark Arena Clicker,Adventure,Mobile,0.612,2023-05-12,140,"Dark Arena Clicker is an open-world adventure packed with quests, treasures, and exploration on Roblox."
game_1809,Royal Arena Clicker,Horror,PC,0.936,2021-12-16,3602,Royal Arena Clicker is a tense horror escape where you survive what lurks in the dark on Roblox.
game_1810,Cosmic Arena Clicker,Strategy,PC,0.619,2026-03-09,6127,Cosmic Arena Clicker is a deep strategy title where planning and positioning win the day on Roblox.
game_1811,Tiny Arena Clicker,FPS,PC,0.887,2020-11-01,6175,Tiny Arena Clicker is a fast-paced shooter with satisfying gunplay and competitive modes on Roblox.
game_1812,Giant Arena Clicker,RPG,Mobile,0.833,2026-03-03,7662,"Giant Arena Clicker is an RPG with classes, leveling, and loot-driven progression on Roblox."
game_1813,Savage Arena Clicker,Fighting,PC,0.962,2025-09-01,8560,"Savage Arena Clicker is a combat arena focused on combos, timing, and character mastery on Roblox."
game_1814,Frozen Arena Clicker,Racing,PlayStation,0.914,2025-03-05,4207,Frozen Arena Clicker is a racing game with licensed-style vehicles and drift mechanics on Roblox.
game_1815,Burning Arena Clicker,Sports,Mobile,0.774,2020-08-26,106,"Burning Arena Clicker is a sports sim with team play, physics, and ranked seasons on Roblox."
game_1816,Golden Arena Clicker,Tycoon,PC,0.691,2023-10-19,152,Golden Arena Clicker is a tycoon builder where you grow a business from scratch to a fortune on Roblox.
game_1817,Shadow Arena Clicker,Obby,Xbox,0.706,2021-12-08,2849,Shadow Arena Clicker is a platforming obstacle course testing precision and patience on Roblox.
game_1818,Turbo Arena Clicker,Social,PC,0.81,2021-02-07,1314,"Turbo Arena Clicker is a hangout hub for chatting, roleplay, and mini-games with friends on Roblox."
game_1819,Hyper Arena Clicker,Sandbox,PC,0.948,2025-02-16,653,Hyper Arena Clicker is a physics sandbox for building and tinkering with anything on Roblox.
game_1820,Pixel Arena Clicker,Puzzle,PC,0.697,2023-04-26,3478,Pixel Arena Clicker is a brain-teasing puzzle game with escalating logic challenges on Roblox.
game_1821,Mega Battle Clicker,Survival,PC,0.798,2024-11-14,660,"Mega Battle Clicker is a survival challenge against disasters, hunters, or the elements on Roblox."
game_1822,Ultra Battle Clicker,Tower Defense,Mobile,0.869,2021-04-07,266,Ultra Battle Clicker is a tower-defense battleground to place units and repel waves on Roblox.
game_1823,Epic Battle Clicker,Anime,PC,0.976,2024-08-30,115,"Epic Battle Clicker is an anime-inspired battler with powers, quests, and transformations on Roblox."
game_1824,Super Battle Clicker,Mystery,PC,0.85,2022-01-09,6116,Super Battle Clicker is a social-deduction mystery where you find the culprit before it's you on Roblox.
game_1825,Mystic Battle Clicker,Comedy,PC,0.804,2022-10-05,466,Mystic Battle Clicker is a lighthearted comedic experience full of silly gags and chaos on Roblox.
game_1826,Neon Battle Clicker,Military,Mobile,0.942,2021-07-02,3028,"Neon Battle Clicker is a military roleplay of service, vehicles, and squad tactics on Roblox."
game_1827,Cyber Battle Clicker,Scary,Mobile,0.851,2021-03-08,3536,Cyber Battle Clicker is a jump-scare driven horror romp through haunted locations on Roblox.
game_1828,Dark Battle Clicker,Simulation,Mobile,0.586,2020-10-27,4895,"Dark Battle Clicker is a life-sim experience where you build, decorate, and manage your own world on Roblox."
game_1829,Royal Battle Clicker,Adventure,Xbox,0.713,2021-06-13,1648,"Royal Battle Clicker is an open-world adventure packed with quests, treasures, and exploration on Roblox."
game_1830,Cosmic Battle Clicker,Horror,PC,0.65,2025-06-13,1161,Cosmic Battle Clicker is a tense horror escape where you survive what lurks in the dark on Roblox.
game_1831,Tiny Battle Clicker,Strategy,Mobile,0.799,2020-08-23,83,Tiny Battle Clicker is a deep strategy title where planning and positioning win the day on Roblox.
game_1832,Giant Battle Clicker,FPS,Xbox,0.876,2022-12-18,814,Giant Battle Clicker is a fast-paced shooter with satisfying gunplay and competitive modes on Roblox.
game_1833,Savage Battle Clicker,RPG,PlayStation,0.593,2023-01-04,842,"Savage Battle Clicker is an RPG with classes, leveling, and loot-driven progression on Roblox."
game_1834,Frozen Battle Clicker,Fighting,PC,0.646,2021-08-12,259,"Frozen Battle Clicker is a combat arena focused on combos, timing, and character mastery on Roblox."
game_1835,Burning Battle Clicker,Racing,PC,0.948,2025-05-06,5585,Burning Battle Clicker is a racing game with licensed-style vehicles and drift mechanics on Roblox.
game_1836,Golden Battle Clicker,Sports,Mobile,0.875,2020-10-30,316,"Golden Battle Clicker is a sports sim with team play, physics, and ranked seasons on Roblox."
game_1837,Shadow Battle Clicker,Tycoon,PC,0.76,2026-06-17,1889,Shadow Battle Clicker is a tycoon builder where you grow a business from scratch to a fortune on Roblox.
game_1838,Turbo Battle Clicker,Obby,Xbox,0.865,2021-10-02,666,Turbo Battle Clicker is a platforming obstacle course testing precision and patience on Roblox.
game_1839,Hyper Battle Clicker,Social,Mobile,0.858,2025-04-22,3978,"Hyper Battle Clicker is a hangout hub for chatting, roleplay, and mini-games with friends on Roblox."
game_1840,Pixel Battle Clicker,Sandbox,Xbox,0.977,2024-12-31,1074,Pixel Battle Clicker is a physics sandbox for building and tinkering with anything on Roblox.
game_1841,Mega Escape Clicker,Puzzle,Mobile,0.87,2025-08-25,215,Mega Escape Clicker is a brain-teasing puzzle game with escalating logic challenges on Roblox.
game_1842,Ultra Escape Clicker,Survival,PC,0.839,2020-10-13,479,"Ultra Escape Clicker is a survival challenge against disasters, hunters, or the elements on Roblox."
game_1843,Epic Escape Clicker,Tower Defense,PC,0.912,2024-05-26,3554,Epic Escape Clicker is a tower-defense battleground to place units and repel waves on Roblox.
game_1844,Super Escape Clicker,Anime,Mobile,0.84,2024-01-25,221,"Super Escape Clicker is an anime-inspired battler with powers, quests, and transformations on Roblox."
game_1845,Mystic Escape Clicker,Mystery,PC,0.823,2024-04-22,2680,Mystic Escape Clicker is a social-deduction mystery where you find the culprit before it's you on Roblox.
game_1846,Neon Escape Clicker,Comedy,PC,0.551,2024-02-18,1289,Neon Escape Clicker is a lighthearted comedic experience full of silly gags and chaos on Roblox.
game_1847,Cyber Escape Clicker,Military,PC,0.567,2024-07-15,1339,"Cyber Escape Clicker is a military roleplay of service, vehicles, and squad tactics on Roblox."
game_1848,Dark Escape Clicker,Scary,Mobile,0.824,2023-11-26,2548,Dark Escape Clicker is a jump-scare driven horror romp through haunted locations on Roblox.
game_1849,Royal Escape Clicker,Simulation,Mobile,0.911,2023-03-03,1854,"Royal Escape Clicker is a life-sim experience where you build, decorate, and manage your own world on Roblox."
game_1850,Cosmic Escape Clicker,Adventure,Xbox,0.807,2022-02-19,2709,"Cosmic Escape Clicker is an open-world adventure packed with quests, treasures, and exploration on Roblox."
game_1851,Tiny Escape Clicker,Horror,Mobile,0.73,2023-04-25,534,Tiny Escape Clicker is a tense horror escape where you survive what lurks in the dark on Roblox.
game_1852,Giant Escape Clicker,Strategy,PC,0.75,2024-07-23,328,Giant Escape Clicker is a deep strategy title where planning and positioning win the day on Roblox.
game_1853,Savage Escape Clicker,FPS,PC,0.911,2021-02-09,13148,Savage Escape Clicker is a fast-paced shooter with satisfying gunplay and competitive modes on Roblox.
game_1854,Frozen Escape Clicker,RPG,Xbox,0.675,2026-03-18,2662,"Frozen Escape Clicker is an RPG with classes, leveling, and loot-driven progression on Roblox."
game_1855,Burning Escape Clicker,Fighting,Mobile,0.898,2022-02-22,420,"Burning Escape Clicker is a combat arena focused on combos, timing, and character mastery on Roblox."
game_1856,Golden Escape Clicker,Racing,PC,0.863,2021-02-02,547,Golden Escape Clicker is a racing game with licensed-style vehicles and drift mechanics on Roblox.
game_1857,Shadow Escape Clicker,Sports,PC,0.645,2021-12-09,3883,"Shadow Escape Clicker is a sports sim with team play, physics, and ranked seasons on Roblox."
game_1858,Turbo Escape Clicker,Tycoon,Xbox,0.958,2025-04-19,1717,Turbo Escape Clicker is a tycoon builder where you grow a business from scratch to a fortune on Roblox.
game_1859,Hyper Escape Clicker,Obby,Mobile,0.959,2026-04-24,335,Hyper Escape Clicker is a platforming obstacle course testing precision and patience on Roblox.
game_1860,Pixel Escape Clicker,Social,PC,0.942,2022-10-18,242,"Pixel Escape Clicker is a hangout hub for chatting, roleplay, and mini-games with friends on Roblox."
game_1861,Mega Factory Clicker,Sandbox,Xbox,0.64,2020-09-19,1670,Mega Factory Clicker is a physics sandbox for building and tinkering with anything on Roblox.
game_1862,Ultra Factory Clicker,Puzzle,Mobile,0.895,2023-04-13,396,Ultra Factory Clicker is a brain-teasing puzzle game with escalating logic challenges on Roblox.
game_1863,Epic Factory Clicker,Survival,Xbox,0.954,2023-09-30,608,"Epic Factory Clicker is a survival challenge against disasters, hunters, or the elements on Roblox."
game_1864,Super Factory Clicker,Tower Defense,PC,0.568,2021-02-04,179,Super Factory Clicker is a tower-defense battleground to place units and repel waves on Roblox.
game_1865,Mystic Factory Clicker,Anime,PC,0.9,2025-02-23,1871,"Mystic Factory Clicker is an anime-inspired battler with powers, quests, and transformations on Roblox."
game_1866,Neon Factory Clicker,Mystery,PC,0.921,2023-07-05,244,Neon Factory Clicker is a social-deduction mystery where you find the culprit before it's you on Roblox.
game_1867,Cyber Factory Clicker,Comedy,PC,0.559,2021-11-16,1143,Cyber Factory Clicker is a lighthearted comedic experience full of silly gags and chaos on Roblox.
game_1868,Dark Factory Clicker,Military,Mobile,0.866,2025-06-18,4503,"Dark Factory Clicker is a military roleplay of service, vehicles, and squad tactics on Roblox."
game_1869,Royal Factory Clicker,Scary,Xbox,0.887,2023-01-13,130,Royal Factory Clicker is a jump-scare driven horror romp through haunted locations on Roblox.
game_1870,Cosmic Factory Clicker,Simulation,PC,0.637,2021-05-22,2857,"Cosmic Factory Clicker is a life-sim experience where you build, decorate, and manage your own world on Roblox."
game_1871,Tiny Factory Clicker,Adventure,PC,0.735,2023-04-09,2465,"Tiny Factory Clicker is an open-world adventure packed with quests, treasures, and exploration on Roblox."
game_1872,Giant Factory Clicker,Horror,PC,0.94,2023-05-07,767,Giant Factory Clicker is a tense horror escape where you survive what lurks in the dark on Roblox.
game_1873,Savage Factory Clicker,Strategy,Mobile,0.878,2022-05-10,1082,Savage Factory Clicker is a deep strategy title where planning and positioning win the day on Roblox.
game_1874,Frozen Factory Clicker,FPS,Mobile,0.721,2026-04-04,804,Frozen Factory Clicker is a fast-paced shooter with satisfying gunplay and competitive modes on Roblox.
game_1875,Burning Factory Clicker,RPG,PC,0.693,2023-01-19,483,"Burning Factory Clicker is an RPG with classes, leveling, and loot-driven progression on Roblox."
game_1876,Golden Factory Clicker,Fighting,Xbox,0.723,2024-12-13,1056,"Golden Factory Clicker is a combat arena focused on combos, timing, and character mastery on Roblox."
game_1877,Shadow Factory Clicker,Racing,Xbox,0.575,2023-12-05,1637,Shadow Factory Clicker is a racing game with licensed-style vehicles and drift mechanics on Roblox.
game_1878,Turbo Factory Clicker,Sports,Mobile,0.566,2024-11-05,431,"Turbo Factory Clicker is a sports sim with team play, physics, and ranked seasons on Roblox."
game_1879,Hyper Factory Clicker,Tycoon,Mobile,0.847,2023-07-12,9025,Hyper Factory Clicker is a tycoon builder where you grow a business from scratch to a fortune on Roblox.
game_1880,Pixel Factory Clicker,Obby,Mobile,0.963,2023-01-09,6503,Pixel Factory Clicker is a platforming obstacle course testing precision and patience on Roblox.
game_1881,Mega Island Clicker,Social,PC,0.946,2025-08-15,893,"Mega Island Clicker is a hangout hub for chatting, roleplay, and mini-games with friends on Roblox."
game_1882,Ultra Island Clicker,Sandbox,PC,0.567,2025-04-05,300,Ultra Island Clicker is a physics sandbox for building and tinkering with anything on Roblox.
game_1883,Epic Island Clicker,Puzzle,PC,0.722,2021-11-05,953,Epic Island Clicker is a brain-teasing puzzle game with escalating logic challenges on Roblox.
game_1884,Super Island Clicker,Survival,PC,0.775,2023-06-30,853,"Super Island Clicker is a survival challenge against disasters, hunters, or the elements on Roblox."
game_1885,Mystic Island Clicker,Tower Defense,Mobile,0.675,2024-12-12,400,Mystic Island Clicker is a tower-defense battleground to place units and repel waves on Roblox.
game_1886,Neon Island Clicker,Anime,Mobile,0.749,2021-03-29,448,"Neon Island Clicker is an anime-inspired battler with powers, quests, and transformations on Roblox."
game_1887,Cyber Island Clicker,Mystery,PlayStation,0.857,2020-08-27,3356,Cyber Island Clicker is a social-deduction mystery where you find the culprit before it's you on Roblox.
game_1888,Dark Island Clicker,Comedy,Mobile,0.579,2021-04-04,596,Dark Island Clicker is a lighthearted comedic experience full of silly gags and chaos on Roblox.
game_1889,Royal Island Clicker,Military,PlayStation,0.781,2025-06-25,580,"Royal Island Clicker is a military roleplay of service, vehicles, and squad tactics on Roblox."
game_1890,Cosmic Island Clicker,Scary,PC,0.579,2024-10-12,113,Cosmic Island Clicker is a jump-scare driven horror romp through haunted locations on Roblox.
game_1891,Tiny Island Clicker,Simulation,Mobile,0.949,2026-05-18,5466,"Tiny Island Clicker is a life-sim experience where you build, decorate, and manage your own world on Roblox."
game_1892,Giant Island Clicker,Adventure,PC,0.952,2022-01-05,1531,"Giant Island Clicker is an open-world adventure packed with quests, treasures, and exploration on Roblox."
game_1893,Savage Island Clicker,Horror,Mobile,0.594,2024-10-28,1785,Savage Island Clicker is a tense horror escape where you survive what lurks in the dark on Roblox.
game_1894,Frozen Island Clicker,Strategy,PC,0.893,2025-02-11,144,Frozen Island Clicker is a deep strategy title where planning and positioning win the day on Roblox.
game_1895,Burning Island Clicker,FPS,Mobile,0.966,2023-06-05,3262,Burning Island Clicker is a fast-paced shooter with satisfying gunplay and competitive modes on Roblox.
game_1896,Golden Island Clicker,RPG,Mobile,0.622,2024-03-09,36474,"Golden Island Clicker is an RPG with classes, leveling, and loot-driven progression on Roblox."
game_1897,Shadow Island Clicker,Fighting,Xbox,0.754,2024-09-07,2909,"Shadow Island Clicker is a combat arena focused on combos, timing, and character mastery on Roblox."
game_1898,Turbo Island Clicker,Racing,PC,0.765,2023-02-21,744,Turbo Island Clicker is a racing game with licensed-style vehicles and drift mechanics on Roblox.
game_1899,Hyper Island Clicker,Sports,PC,0.854,2022-03-18,1429,"Hyper Island Clicker is a sports sim with team play, physics, and ranked seasons on Roblox."
game_1900,Pixel Island Clicker,Tycoon,PC,0.93,2025-08-28,4276,Pixel Island Clicker is a tycoon builder where you grow a business from scratch to a fortune on Roblox.
game_1901,Mega Castle Clicker,Obby,Xbox,0.791,2021-08-19,26168,Mega Castle Clicker is a platforming obstacle course testing precision and patience on Roblox.
game_1902,Ultra Castle Clicker,Social,Mobile,0.83,2021-08-26,13642,"Ultra Castle Clicker is a hangout hub for chatting, roleplay, and mini-games with friends on Roblox."
game_1903,Epic Castle Clicker,Sandbox,PC,0.642,2021-10-11,3416,Epic Castle Clicker is a physics sandbox for building and tinkering with anything on Roblox.
game_1904,Super Castle Clicker,Puzzle,Mobile,0.634,2026-06-01,740,Super Castle Clicker is a brain-teasing puzzle game with escalating logic challenges on Roblox.
game_1905,Mystic Castle Clicker,Survival,PC,0.59,2022-11-07,144,"Mystic Castle Clicker is a survival challenge against disasters, hunters, or the elements on Roblox."
game_1906,Neon Castle Clicker,Tower Defense,PC,0.826,2023-06-14,1485,Neon Castle Clicker is a tower-defense battleground to place units and repel waves on Roblox.
game_1907,Cyber Castle Clicker,Anime,PC,0.921,2026-03-12,568,"Cyber Castle Clicker is an anime-inspired battler with powers, quests, and transformations on Roblox."
game_1908,Dark Castle Clicker,Mystery,PlayStation,0.566,2025-05-15,1042,Dark Castle Clicker is a social-deduction mystery where you find the culprit before it's you on Roblox.
game_1909,Royal Castle Clicker,Comedy,PC,0.924,2024-07-20,3936,Royal Castle Clicker is a lighthearted comedic experience full of silly gags and chaos on Roblox.
game_1910,Cosmic Castle Clicker,Military,PC,0.741,2025-11-27,261,"Cosmic Castle Clicker is a military roleplay of service, vehicles, and squad tactics on Roblox."
game_1911,Tiny Castle Clicker,Scary,Mobile,0.973,2023-06-04,30,Tiny Castle Clicker is a jump-scare driven horror romp through haunted locations on Roblox.
game_1912,Giant Castle Clicker,Simulation,PC,0.936,2022-12-26,1507,"Giant Castle Clicker is a life-sim experience where you build, decorate, and manage your own world on Roblox."
game_1913,Savage Castle Clicker,Adventure,PC,0.729,2022-01-05,755,"Savage Castle Clicker is an open-world adventure packed with quests, treasures, and exploration on Roblox."
game_1914,Frozen Castle Clicker,Horror,Mobile,0.586,2023-07-18,2543,Frozen Castle Clicker is a tense horror escape where you survive what lurks in the dark on Roblox.
game_1915,Burning Castle Clicker,Strategy,PC,0.726,2020-11-12,508,Burning Castle Clicker is a deep strategy title where planning and positioning win the day on Roblox.
game_1916,Golden Castle Clicker,FPS,Mobile,0.697,2025-03-19,337,Golden Castle Clicker is a fast-paced shooter with satisfying gunplay and competitive modes on Roblox.
game_1917,Shadow Castle Clicker,RPG,Mobile,0.588,2021-05-05,3797,"Shadow Castle Clicker is an RPG with classes, leveling, and loot-driven progression on Roblox."
game_1918,Turbo Castle Clicker,Fighting,Xbox,0.804,2022-12-22,422,"Turbo Castle Clicker is a combat arena focused on combos, timing, and character mastery on Roblox."
game_1919,Hyper Castle Clicker,Racing,PlayStation,0.824,2024-02-05,35080,Hyper Castle Clicker is a racing game with licensed-style vehicles and drift mechanics on Roblox.
game_1920,Pixel Castle Clicker,Sports,Mobile,0.871,2024-05-23,209,"Pixel Castle Clicker is a sports sim with team play, physics, and ranked seasons on Roblox."
game_1921,Mega Dungeon Clicker,Tycoon,Mobile,0.627,2023-04-26,474,Mega Dungeon Clicker is a tycoon builder where you grow a business from scratch to a fortune on Roblox.
game_1922,Ultra Dungeon Clicker,Obby,PC,0.667,2024-06-03,570,Ultra Dungeon Clicker is a platforming obstacle course testing precision and patience on Roblox.
game_1923,Epic Dungeon Clicker,Social,PC,0.799,2022-07-21,913,"Epic Dungeon Clicker is a hangout hub for chatting, roleplay, and mini-games with friends on Roblox."
game_1924,Super Dungeon Clicker,Sandbox,PC,0.566,2024-08-15,2224,Super Dungeon Clicker is a physics sandbox for building and tinkering with anything on Roblox.
game_1925,Mystic Dungeon Clicker,Puzzle,Xbox,0.977,2024-03-04,556,Mystic Dungeon Clicker is a brain-teasing puzzle game with escalating logic challenges on Roblox.
game_1926,Neon Dungeon Clicker,Survival,PC,0.639,2023-04-19,3867,"Neon Dungeon Clicker is a survival challenge against disasters, hunters, or the elements on Roblox."
game_1927,Cyber Dungeon Clicker,Tower Defense,Mobile,0.589,2023-07-09,1165,Cyber Dungeon Clicker is a tower-defense battleground to place units and repel waves on Roblox.
game_1928,Dark Dungeon Clicker,Anime,Xbox,0.946,2026-03-08,315,"Dark Dungeon Clicker is an anime-inspired battler with powers, quests, and transformations on Roblox."
game_1929,Royal Dungeon Clicker,Mystery,Mobile,0.802,2021-04-18,2177,Royal Dungeon Clicker is a social-deduction mystery where you find the culprit before it's you on Roblox.
game_1930,Cosmic Dungeon Clicker,Comedy,PC,0.689,2026-02-26,485,Cosmic Dungeon Clicker is a lighthearted comedic experience full of silly gags and chaos on Roblox.
game_1931,Tiny Dungeon Clicker,Military,PC,0.731,2024-10-02,21,"Tiny Dungeon Clicker is a military roleplay of service, vehicles, and squad tactics on Roblox."
game_1932,Giant Dungeon Clicker,Scary,PC,0.682,2022-07-09,1721,Giant Dungeon Clicker is a jump-scare driven horror romp through haunted locations on Roblox.
game_1933,Savage Dungeon Clicker,Simulation,Mobile,0.864,2021-08-28,5226,"Savage Dungeon Clicker is a life-sim experience where you build, decorate, and manage your own world on Roblox."
game_1934,Frozen Dungeon Clicker,Adventure,Mobile,0.757,2022-09-30,86,"Frozen Dungeon Clicker is an open-world adventure packed with quests, treasures, and exploration on Roblox."
game_1935,Burning Dungeon Clicker,Horror,PC,0.805,2022-01-15,830,Burning Dungeon Clicker is a tense horror escape where you survive what lurks in the dark on Roblox.
game_1936,Golden Dungeon Clicker,Strategy,PC,0.635,2020-08-28,296,Golden Dungeon Clicker is a deep strategy title where planning and positioning win the day on Roblox.
game_1937,Shadow Dungeon Clicker,FPS,PlayStation,0.889,2022-10-19,2427,Shadow Dungeon Clicker is a fast-paced shooter with satisfying gunplay and competitive modes on Roblox.
game_1938,Turbo Dungeon Clicker,RPG,PC,0.621,2022-02-04,243,"Turbo Dungeon Clicker is an RPG with classes, leveling, and loot-driven progression on Roblox."
game_1939,Hyper Dungeon Clicker,Fighting,PC,0.919,2023-11-20,605,"Hyper Dungeon Clicker is a combat arena focused on combos, timing, and character mastery on Roblox."
game_1940,Pixel Dungeon Clicker,Racing,PC,0.552,2022-05-04,2269,Pixel Dungeon Clicker is a racing game with licensed-style vehicles and drift mechanics on Roblox.
game_1941,Mega City Clicker,Sports,PC,0.85,2022-02-11,95,"Mega City Clicker is a sports sim with team play, physics, and ranked seasons on Roblox."
game_1942,Ultra City Clicker,Tycoon,Xbox,0.878,2023-10-24,17006,Ultra City Clicker is a tycoon builder where you grow a business from scratch to a fortune on Roblox.
game_1943,Epic City Clicker,Obby,PC,0.78,2022-02-12,3290,Epic City Clicker is a platforming obstacle course testing precision and patience on Roblox.
game_1944,Super City Clicker,Social,PC,0.696,2022-06-22,345,"Super City Clicker is a hangout hub for chatting, roleplay, and mini-games with friends on Roblox."
game_1945,Mystic City Clicker,Sandbox,Xbox,0.828,2025-09-01,3722,Mystic City Clicker is a physics sandbox for building and tinkering with anything on Roblox.
game_1946,Neon City Clicker,Puzzle,PC,0.59,2021-08-26,370,Neon City Clicker is a brain-teasing puzzle game with escalating logic challenges on Roblox.
game_1947,Cyber City Clicker,Survival,PC,0.716,2023-01-17,389,"Cyber City Clicker is a survival challenge against disasters, hunters, or the elements on Roblox."
game_1948,Dark City Clicker,Tower Defense,Xbox,0.909,2020-09-24,848,Dark City Clicker is a tower-defense battleground to place units and repel waves on Roblox.
game_1949,Royal City Clicker,Anime,Mobile,0.845,2022-03-25,341,"Royal City Clicker is an anime-inspired battler with powers, quests, and transformations on Roblox."
game_1950,Cosmic City Clicker,Mystery,PC,0.882,2021-10-18,3944,Cosmic City Clicker is a social-deduction mystery where you find the culprit before it's you on Roblox.
game_1951,Tiny City Clicker,Comedy,PC,0.766,2021-06-26,179,Tiny City Clicker is a lighthearted comedic experience full of silly gags and chaos on Roblox.
game_1952,Giant City Clicker,Military,Xbox,0.598,2022-06-11,45918,"Giant City Clicker is a military roleplay of service, vehicles, and squad tactics on Roblox."
game_1953,Savage City Clicker,Scary,PC,0.615,2025-08-21,460,Savage City Clicker is a jump-scare driven horror romp through haunted locations on Roblox.
game_1954,Frozen City Clicker,Simulation,PC,0.771,2024-04-26,20086,"Frozen City Clicker is a life-sim experience where you build, decorate, and manage your own world on Roblox."
game_1955,Burning City Clicker,Adventure,Mobile,0.671,2021-04-28,6686,"Burning City Clicker is an open-world adventure packed with quests, treasures, and exploration on Roblox."
game_1956,Golden City Clicker,Horror,PC,0.659,2022-05-24,1048,Golden City Clicker is a tense horror escape where you survive what lurks in the dark on Roblox.
game_1957,Shadow City Clicker,Strategy,PC,0.627,2023-07-16,49,Shadow City Clicker is a deep strategy title where planning and positioning win the day on Roblox.
game_1958,Turbo City Clicker,FPS,PC,0.806,2026-02-19,154,Turbo City Clicker is a fast-paced shooter with satisfying gunplay and competitive modes on Roblox.
game_1959,Hyper City Clicker,RPG,PC,0.604,2025-06-22,516,"Hyper City Clicker is an RPG with classes, leveling, and loot-driven progression on Roblox."
game_1960,Pixel City Clicker,Fighting,PC,0.968,2022-08-30,927,"Pixel City Clicker is a combat arena focused on combos, timing, and character mastery on Roblox."
game_1961,Mega Kingdom Clicker,Racing,Mobile,0.795,2020-08-30,19,Mega Kingdom Clicker is a racing game with licensed-style vehicles and drift mechanics on Roblox.
game_1962,Ultra Kingdom Clicker,Sports,PC,0.714,2025-05-26,668,"Ultra Kingdom Clicker is a sports sim with team play, physics, and ranked seasons on Roblox."
game_1963,Epic Kingdom Clicker,Tycoon,PlayStation,0.629,2026-04-14,3586,Epic Kingdom Clicker is a tycoon builder where you grow a business from scratch to a fortune on Roblox.
game_1964,Super Kingdom Clicker,Obby,Mobile,0.91,2025-08-24,11658,Super Kingdom Clicker is a platforming obstacle course testing precision and patience on Roblox.
game_1965,Mystic Kingdom Clicker,Social,PC,0.978,2023-08-11,298,"Mystic Kingdom Clicker is a hangout hub for chatting, roleplay, and mini-games with friends on Roblox."
game_1966,Neon Kingdom Clicker,Sandbox,Mobile,0.711,2025-12-26,1846,Neon Kingdom Clicker is a physics sandbox for building and tinkering with anything on Roblox.
game_1967,Cyber Kingdom Clicker,Puzzle,Mobile,0.669,2024-06-14,3908,Cyber Kingdom Clicker is a brain-teasing puzzle game with escalating logic challenges on Roblox.
game_1968,Dark Kingdom Clicker,Survival,Mobile,0.667,2023-05-04,26419,"Dark Kingdom Clicker is a survival challenge against disasters, hunters, or the elements on Roblox."
game_1969,Royal Kingdom Clicker,Tower Defense,PC,0.668,2025-01-29,114,Royal Kingdom Clicker is a tower-defense battleground to place units and repel waves on Roblox.
game_1970,Cosmic Kingdom Clicker,Anime,Mobile,0.645,2025-06-12,9719,"Cosmic Kingdom Clicker is an anime-inspired battler with powers, quests, and transformations on Roblox."
game_1971,Tiny Kingdom Clicker,Mystery,PC,0.863,2023-04-23,655,Tiny Kingdom Clicker is a social-deduction mystery where you find the culprit before it's you on Roblox.
game_1972,Giant Kingdom Clicker,Comedy,Mobile,0.783,2022-11-06,910,Giant Kingdom Clicker is a lighthearted comedic experience full of silly gags and chaos on Roblox.
game_1973,Savage Kingdom Clicker,Military,Mobile,0.699,2022-12-13,1395,"Savage Kingdom Clicker is a military roleplay of service, vehicles, and squad tactics on Roblox."
game_1974,Frozen Kingdom Clicker,Scary,PC,0.779,2024-03-04,730,Frozen Kingdom Clicker is a jump-scare driven horror romp through haunted locations on Roblox.
game_1975,Burning Kingdom Clicker,Simulation,PC,0.821,2025-08-27,661,"Burning Kingdom Clicker is a life-sim experience where you build, decorate, and manage your own world on Roblox."
game_1976,Golden Kingdom Clicker,Adventure,Mobile,0.709,2020-08-05,641,"Golden Kingdom Clicker is an open-world adventure packed with quests, treasures, and exploration on Roblox."
game_1977,Shadow Kingdom Clicker,Horror,PC,0.617,2026-03-15,231,Shadow Kingdom Clicker is a tense horror escape where you survive what lurks in the dark on Roblox.
game_1978,Turbo Kingdom Clicker,Strategy,Mobile,0.978,2021-11-16,2401,Turbo Kingdom Clicker is a deep strategy title where planning and positioning win the day on Roblox.
game_1979,Hyper Kingdom Clicker,FPS,PC,0.713,2025-01-21,1060,Hyper Kingdom Clicker is a fast-paced shooter with satisfying gunplay and competitive modes on Roblox.
game_1980,Pixel Kingdom Clicker,RPG,PlayStation,0.977,2024-03-01,198,"Pixel Kingdom Clicker is an RPG with classes, leveling, and loot-driven progression on Roblox."
game_1981,Mega Frontier Clicker,Fighting,Mobile,0.787,2022-01-14,384,"Mega Frontier Clicker is a combat arena focused on combos, timing, and character mastery on Roblox."
game_1982,Ultra Frontier Clicker,Racing,PC,0.836,2025-05-08,77,Ultra Frontier Clicker is a racing game with licensed-style vehicles and drift mechanics on Roblox.
game_1983,Epic Frontier Clicker,Sports,Mobile,0.78,2020-11-25,2994,"Epic Frontier Clicker is a sports sim with team play, physics, and ranked seasons on Roblox."
game_1984,Super Frontier Clicker,Tycoon,PC,0.673,2021-05-01,7715,Super Frontier Clicker is a tycoon builder where you grow a business from scratch to a fortune on Roblox.
game_1985,Mystic Frontier Clicker,Obby,PlayStation,0.844,2024-08-08,49977,Mystic Frontier Clicker is a platforming obstacle course testing precision and patience on Roblox.
game_1986,Neon Frontier Clicker,Social,PC,0.726,2021-11-04,1600,"Neon Frontier Clicker is a hangout hub for chatting, roleplay, and mini-games with friends on Roblox."
game_1987,Cyber Frontier Clicker,Sandbox,Mobile,0.98,2020-11-21,1601,Cyber Frontier Clicker is a physics sandbox for building and tinkering with anything on Roblox.
game_1988,Dark Frontier Clicker,Puzzle,Mobile,0.844,2021-03-30,578,Dark Frontier Clicker is a brain-teasing puzzle game with escalating logic challenges on Roblox.
game_1989,Royal Frontier Clicker,Survival,PlayStation,0.921,2020-10-19,4035,"Royal Frontier Clicker is a survival challenge against disasters, hunters, or the elements on Roblox."
game_1990,Cosmic Frontier Clicker,Tower Defense,Xbox,0.625,2023-11-07,251,Cosmic Frontier Clicker is a tower-defense battleground to place units and repel waves on Roblox.
game_1991,Tiny Frontier Clicker,Anime,PlayStation,0.578,2023-04-01,6049,"Tiny Frontier Clicker is an anime-inspired battler with powers, quests, and transformations on Roblox."
game_1992,Giant Frontier Clicker,Mystery,PC,0.976,2021-07-23,1625,Giant Frontier Clicker is a social-deduction mystery where you find the culprit before it's you on Roblox.
game_1993,Savage Frontier Clicker,Comedy,Xbox,0.896,2025-04-15,14715,Savage Frontier Clicker is a lighthearted comedic experience full of silly gags and chaos on Roblox.
game_1994,Frozen Frontier Clicker,Military,Xbox,0.553,2025-10-01,88,"Frozen Frontier Clicker is a military roleplay of service, vehicles, and squad tactics on Roblox."
game_1995,Burning Frontier Clicker,Scary,PC,0.921,2021-04-06,42277,Burning Frontier Clicker is a jump-scare driven horror romp through haunted locations on Roblox.
game_1996,Golden Frontier Clicker,Simulation,PC,0.858,2025-03-06,806,"Golden Frontier Clicker is a life-sim experience where you build, decorate, and manage your own world on Roblox."
game_1997,Shadow Frontier Clicker,Adventure,Mobile,0.676,2025-11-12,411,"Shadow Frontier Clicker is an open-world adventure packed with quests, treasures, and exploration on Roblox."
game_1998,Turbo Frontier Clicker,Horror,PC,0.722,2022-06-17,50309,Turbo Frontier Clicker is a tense horror escape where you survive what lurks in the dark on Roblox.
game_1999,Hyper Frontier Clicker,Strategy,PlayStation,0.595,2025-02-21,2066,Hyper Frontier Clicker is a deep strategy title where planning and positioning win the day on Roblox.
game_2000,Pixel Frontier Clicker,FPS,Xbox,0.86,2025-04-13,5913,Pixel Frontier Clicker is a fast-paced shooter with satisfying gunplay and competitive modes on Roblox.
game_2001,Mega Saga Clicker,RPG,PC,0.892,2023-10-23,1809,"Mega Saga Clicker is an RPG with classes, leveling, and loot-driven progression on Roblox."
game_2002,Ultra Saga Clicker,Fighting,PC,0.747,2025-09-14,49,"Ultra Saga Clicker is a combat arena focused on combos, timing, and character mastery on Roblox."
game_2003,Epic Saga Clicker,Racing,Mobile,0.677,2022-09-11,18995,Epic Saga Clicker is a racing game with licensed-style vehicles and drift mechanics on Roblox.
game_2004,Super Saga Clicker,Sports,PC,0.806,2023-06-13,15145,"Super Saga Clicker is a sports sim with team play, physics, and ranked seasons on Roblox."
game_2005,Mystic Saga Clicker,Tycoon,Xbox,0.928,2024-01-21,282,Mystic Saga Clicker is a tycoon builder where you grow a business from scratch to a fortune on Roblox.
game_2006,Neon Saga Clicker,Obby,Mobile,0.794,2024-10-04,2556,Neon Saga Clicker is a platforming obstacle course testing precision and patience on Roblox.
game_2007,Cyber Saga Clicker,Social,PC,0.87,2024-10-20,6568,"Cyber Saga Clicker is a hangout hub for chatting, roleplay, and mini-games with friends on Roblox."
game_2008,Dark Saga Clicker,Sandbox,Mobile,0.661,2022-03-24,278,Dark Saga Clicker is a physics sandbox for building and tinkering with anything on Roblox.
game_2009,Royal Saga Clicker,Puzzle,PC,0.801,2024-11-14,11060,Royal Saga Clicker is a brain-teasing puzzle game with escalating logic challenges on Roblox.
game_2010,Cosmic Saga Clicker,Survival,PC,0.725,2020-09-27,11904,"Cosmic Saga Clicker is a survival challenge against disasters, hunters, or the elements on Roblox."
game_2011,Tiny Saga Clicker,Tower Defense,Mobile,0.802,2024-10-14,276,Tiny Saga Clicker is a tower-defense battleground to place units and repel waves on Roblox.
game_2012,Giant Saga Clicker,Anime,Mobile,0.829,2021-02-03,1215,"Giant Saga Clicker is an anime-inspired battler with powers, quests, and transformations on Roblox."
game_2013,Savage Saga Clicker,Mystery,Xbox,0.556,2022-04-11,996,Savage Saga Clicker is a social-deduction mystery where you find the culprit before it's you on Roblox.
game_2014,Frozen Saga Clicker,Comedy,PlayStation,0.615,2024-01-08,586,Frozen Saga Clicker is a lighthearted comedic experience full of silly gags and chaos on Roblox.
game_2015,Burning Saga Clicker,Military,Mobile,0.703,2024-04-29,2237,"Burning Saga Clicker is a military roleplay of service, vehicles, and squad tactics on Roblox."
game_2016,Golden Saga Clicker,Scary,PC,0.869,2023-12-22,5612,Golden Saga Clicker is a jump-scare driven horror romp through haunted locations on Roblox.
game_2017,Shadow Saga Clicker,Simulation,PC,0.788,2023-06-29,13614,"Shadow Saga Clicker is a life-sim experience where you build, decorate, and manage your own world on Roblox."
game_2018,Turbo Saga Clicker,Adventure,Mobile,0.893,2023-08-31,1398,"Turbo Saga Clicker is an open-world adventure packed with quests, treasures, and exploration on Roblox."
game_2019,Hyper Saga Clicker,Horror,PC,0.567,2024-07-18,78,Hyper Saga Clicker is a tense horror escape where you survive what lurks in the dark on Roblox.
game_2020,Pixel Saga Clicker,Strategy,Mobile,0.865,2024-05-27,1283,Pixel Saga Clicker is a deep strategy title where planning and positioning win the day on Roblox.
game_2021,Mega Tower Clicker,FPS,Xbox,0.802,2023-10-19,553,Mega Tower Clicker is a fast-paced shooter with satisfying gunplay and competitive modes on Roblox.
game_2022,Ultra Tower Clicker,RPG,Mobile,0.687,2025-12-17,887,"Ultra Tower Clicker is an RPG with classes, leveling, and loot-driven progression on Roblox."
game_2023,Epic Tower Clicker,Fighting,Mobile,0.755,2025-08-07,427,"Epic Tower Clicker is a combat arena focused on combos, timing, and character mastery on Roblox."
game_2024,Super Tower Clicker,Racing,PC,0.795,2023-03-04,2019,Super Tower Clicker is a racing game with licensed-style vehicles and drift mechanics on Roblox.
game_2025,Mystic Tower Clicker,Sports,Mobile,0.658,2026-07-12,1953,"Mystic Tower Clicker is a sports sim with team play, physics, and ranked seasons on Roblox."
game_2026,Neon Tower Clicker,Tycoon,PC,0.768,2022-11-06,199,Neon Tower Clicker is a tycoon builder where you grow a business from scratch to a fortune on Roblox.
game_2027,Cyber Tower Clicker,Obby,Mobile,0.697,2023-09-29,6433,Cyber Tower Clicker is a platforming obstacle course testing precision and patience on Roblox.
game_2028,Dark Tower Clicker,Social,Mobile,0.97,2025-04-14,1121,"Dark Tower Clicker is a hangout hub for chatting, roleplay, and mini-games with friends on Roblox."
game_2029,Royal Tower Clicker,Sandbox,PlayStation,0.752,2020-10-26,1043,Royal Tower Clicker is a physics sandbox for building and tinkering with anything on Roblox.
game_2030,Cosmic Tower Clicker,Puzzle,PC,0.591,2023-02-13,134,Cosmic Tower Clicker is a brain-teasing puzzle game with escalating logic challenges on Roblox.
game_2031,Tiny Tower Clicker,Survival,Xbox,0.633,2024-06-26,275,"Tiny Tower Clicker is a survival challenge against disasters, hunters, or the elements on Roblox."
game_2032,Giant Tower Clicker,Tower Defense,PC,0.688,2023-02-10,378,Giant Tower Clicker is a tower-defense battleground to place units and repel waves on Roblox.
game_2033,Savage Tower Clicker,Anime,Mobile,0.796,2024-03-05,231,"Savage Tower Clicker is an anime-inspired battler with powers, quests, and transformations on Roblox."
game_2034,Frozen Tower Clicker,Mystery,PC,0.972,2020-09-28,1569,Frozen Tower Clicker is a social-deduction mystery where you find the culprit before it's you on Roblox.
game_2035,Burning Tower Clicker,Comedy,Mobile,0.648,2023-07-07,40077,Burning Tower Clicker is a lighthearted comedic experience full of silly gags and chaos on Roblox.
game_2036,Golden Tower Clicker,Military,PC,0.907,2022-07-26,657,"Golden Tower Clicker is a military roleplay of service, vehicles, and squad tactics on Roblox."
game_2037,Shadow Tower Clicker,Scary,PC,0.552,2021-11-09,328,Shadow Tower Clicker is a jump-scare driven horror romp through haunted locations on Roblox.
game_2038,Turbo Tower Clicker,Simulation,PlayStation,0.969,2024-12-18,139,"Turbo Tower Clicker is a life-sim experience where you build, decorate, and manage your own world on Roblox."
game_2039,Hyper Tower Clicker,Adventure,Xbox,0.908,2023-03-25,65,"Hyper Tower Clicker is an open-world adventure packed with quests, treasures, and exploration on Roblox."
game_2040,Pixel Tower Clicker,Horror,PC,0.893,2024-04-19,794,Pixel Tower Clicker is a tense horror escape where you survive what lurks in the dark on Roblox.
game_2041,Mega Base Clicker,Strategy,Mobile,0.655,2025-09-13,874,Mega Base Clicker is a deep strategy title where planning and positioning win the day on Roblox.
game_2042,Ultra Base Clicker,FPS,PC,0.959,2021-04-07,897,Ultra Base Clicker is a fast-paced shooter with satisfying gunplay and competitive modes on Roblox.
game_2043,Epic Base Clicker,RPG,PlayStation,0.657,2021-01-27,3887,"Epic Base Clicker is an RPG with classes, leveling, and loot-driven progression on Roblox."
game_2044,Super Base Clicker,Fighting,PlayStation,0.825,2025-11-27,1409,"Super Base Clicker is a combat arena focused on combos, timing, and character mastery on Roblox."
game_2045,Mystic Base Clicker,Racing,PC,0.753,2025-04-16,10,Mystic Base Clicker is a racing game with licensed-style vehicles and drift mechanics on Roblox.
game_2046,Neon Base Clicker,Sports,Xbox,0.804,2024-11-05,41424,"Neon Base Clicker is a sports sim with team play, physics, and ranked seasons on Roblox."
game_2047,Cyber Base Clicker,Tycoon,Mobile,0.796,2022-11-10,1483,Cyber Base Clicker is a tycoon builder where you grow a business from scratch to a fortune on Roblox.
game_2048,Dark Base Clicker,Obby,Xbox,0.847,2023-04-08,270,Dark Base Clicker is a platforming obstacle course testing precision and patience on Roblox.
game_2049,Royal Base Clicker,Social,PC,0.939,2022-06-26,8918,"Royal Base Clicker is a hangout hub for chatting, roleplay, and mini-games with friends on Roblox."
game_2050,Cosmic Base Clicker,Sandbox,PC,0.648,2021-04-13,3999,Cosmic Base Clicker is a physics sandbox for building and tinkering with anything on Roblox.
game_2051,Tiny Base Clicker,Puzzle,PC,0.61,2026-04-11,206,Tiny Base Clicker is a brain-teasing puzzle game with escalating logic challenges on Roblox.
game_2052,Giant Base Clicker,Survival,Mobile,0.908,2025-12-30,392,"Giant Base Clicker is a survival challenge against disasters, hunters, or the elements on Roblox."
game_2053,Savage Base Clicker,Tower Defense,PC,0.978,2021-08-19,9368,Savage Base Clicker is a tower-defense battleground to place units and repel waves on Roblox.
game_2054,Frozen Base Clicker,Anime,PlayStation,0.672,2021-01-06,5022,"Frozen Base Clicker is an anime-inspired battler with powers, quests, and transformations on Roblox."
game_2055,Burning Base Clicker,Mystery,PC,0.779,2025-04-10,86,Burning Base Clicker is a social-deduction mystery where you find the culprit before it's you on Roblox.
game_2056,Golden Base Clicker,Comedy,Xbox,0.873,2024-05-24,21456,Golden Base Clicker is a lighthearted comedic experience full of silly gags and chaos on Roblox.
game_2057,Shadow Base Clicker,Military,Xbox,0.932,2021-06-22,843,"Shadow Base Clicker is a military roleplay of service, vehicles, and squad tactics on Roblox."
game_2058,Turbo Base Clicker,Scary,PlayStation,0.829,2024-06-30,263,Turbo Base Clicker is a jump-scare driven horror romp through haunted locations on Roblox.
game_2059,Hyper Base Clicker,Simulation,PC,0.932,2021-09-07,1404,"Hyper Base Clicker is a life-sim experience where you build, decorate, and manage your own world on Roblox."
game_2060,Pixel Base Clicker,Adventure,PC,0.558,2022-02-28,243,"Pixel Base Clicker is an open-world adventure packed with quests, treasures, and exploration on Roblox."
game_2061,Mega Station Clicker,Horror,PC,0.801,2024-01-14,837,Mega Station Clicker is a tense horror escape where you survive what lurks in the dark on Roblox.
game_2062,Ultra Station Clicker,Strategy,Xbox,0.881,2024-04-15,1417,Ultra Station Clicker is a deep strategy title where planning and positioning win the day on Roblox.
game_2063,Epic Station Clicker,FPS,Mobile,0.631,2024-10-27,39,Epic Station Clicker is a fast-paced shooter with satisfying gunplay and competitive modes on Roblox.
game_2064,Super Station Clicker,RPG,PC,0.885,2026-02-03,611,"Super Station Clicker is an RPG with classes, leveling, and loot-driven progression on Roblox."
game_2065,Mystic Station Clicker,Fighting,Mobile,0.949,2022-12-31,7013,"Mystic Station Clicker is a combat arena focused on combos, timing, and character mastery on Roblox."
game_2066,Neon Station Clicker,Racing,Mobile,0.65,2023-06-30,412,Neon Station Clicker is a racing game with licensed-style vehicles and drift mechanics on Roblox.
game_2067,Cyber Station Clicker,Sports,Xbox,0.742,2025-12-25,3745,"Cyber Station Clicker is a sports sim with team play, physics, and ranked seasons on Roblox."
game_2068,Dark Station Clicker,Tycoon,PC,0.59,2025-02-19,297,Dark Station Clicker is a tycoon builder where you grow a business from scratch to a fortune on Roblox.
game_2069,Royal Station Clicker,Obby,PC,0.872,2022-07-08,142,Royal Station Clicker is a platforming obstacle course testing precision and patience on Roblox.
game_2070,Cosmic Station Clicker,Social,PC,0.769,2023-09-03,3965,"Cosmic Station Clicker is a hangout hub for chatting, roleplay, and mini-games with friends on Roblox."
game_2071,Tiny Station Clicker,Sandbox,PlayStation,0.722,2021-10-28,128,Tiny Station Clicker is a physics sandbox for building and tinkering with anything on Roblox.
game_2072,Giant Station Clicker,Puzzle,Xbox,0.649,2023-03-01,5610,Giant Station Clicker is a brain-teasing puzzle game with escalating logic challenges on Roblox.
game_2073,Savage Station Clicker,Survival,Mobile,0.557,2021-04-01,9654,"Savage Station Clicker is a survival challenge against disasters, hunters, or the elements on Roblox."
game_2074,Frozen Station Clicker,Tower Defense,PlayStation,0.878,2021-04-07,1163,Frozen Station Clicker is a tower-defense battleground to place units and repel waves on Roblox.
